dataset_doi,n_pairs,n_vars,censored,year
doi:10.7910/DVN/00CIUU,5,8,FALSE,2020
doi:10.7910/DVN/01HXNF,5,7,FALSE,2023
doi:10.7910/DVN/03CDTK,2,3,FALSE,2018
doi:10.7910/DVN/06ITCK,1,2,FALSE,2020
doi:10.7910/DVN/0DCWT7,20,16,TRUE,2022
doi:10.7910/DVN/0DLNBL,5,7,FALSE,2018
doi:10.7910/DVN/0MXT0H,3,4,FALSE,2020
doi:10.7910/DVN/0ONBF6,30,11,TRUE,2021
doi:10.7910/DVN/0QOVCH,3,4,FALSE,2020
doi:10.7910/DVN/0UTWWV,60,27,TRUE,2022
doi:10.7910/DVN/0XS5NX,5,6,FALSE,2021
doi:10.7910/DVN/0Y8IKW,6,6,FALSE,2022
doi:10.7910/DVN/0YHJRG,24,24,FALSE,2023
doi:10.7910/DVN/14RSGX,15,20,FALSE,2016
doi:10.7910/DVN/18EH2Y,10,7,FALSE,2020
doi:10.7910/DVN/18XSG8,3,4,FALSE,2021
doi:10.7910/DVN/193ZDD,12,9,FALSE,2015
doi:10.7910/DVN/19FLXV,11,12,FALSE,2020
doi:10.7910/DVN/1CNMHF,5,4,FALSE,2021
doi:10.7910/DVN/1E8HF3,2,4,FALSE,2024
doi:10.7910/DVN/1HNIFT,20,20,FALSE,2018
doi:10.7910/DVN/1HOVTU,1,2,FALSE,2016
doi:10.7910/DVN/1L325J,3,4,FALSE,2024
doi:10.7910/DVN/1OPRYA,27,15,TRUE,2023
doi:10.7910/DVN/1SQ68U,6,5,FALSE,2021
doi:10.7910/DVN/1SU7J4,24,21,FALSE,2023
doi:10.7910/DVN/1U5WZT,29,17,FALSE,2017
doi:10.7910/DVN/1Y2DLT,26,16,FALSE,2020
doi:10.7910/DVN/23063,1,2,FALSE,2013
doi:10.7910/DVN/23302,1,2,FALSE,2013
doi:10.7910/DVN/23402,6,6,FALSE,2013
doi:10.7910/DVN/23818,3,5,FALSE,2013
doi:10.7910/DVN/24220,2,3,FALSE,2014
doi:10.7910/DVN/24387,2,4,FALSE,2014
doi:10.7910/DVN/24591,12,8,FALSE,2014
doi:10.7910/DVN/24800,14,9,FALSE,2014
doi:10.7910/DVN/24859,1,2,FALSE,2014
doi:10.7910/DVN/24975,1,2,FALSE,2014
doi:10.7910/DVN/25423,37,32,FALSE,2014
doi:10.7910/DVN/25505,9,9,FALSE,2014
doi:10.7910/DVN/25531,1,2,FALSE,2014
doi:10.7910/DVN/26461,5,4,FALSE,2014
doi:10.7910/DVN/26522,15,8,FALSE,2014
doi:10.7910/DVN/26544,2,3,FALSE,2014
doi:10.7910/DVN/26570,74,24,TRUE,2014
doi:10.7910/DVN/26584,1,2,FALSE,2014
doi:10.7910/DVN/26586,3,3,FALSE,2014
doi:10.7910/DVN/26714,6,7,FALSE,2014
doi:10.7910/DVN/26721,17,10,FALSE,2014
doi:10.7910/DVN/26P4MC,3,4,FALSE,2024
doi:10.7910/DVN/27192,8,10,FALSE,2014
doi:10.7910/DVN/27217,1,2,FALSE,2014
doi:10.7910/DVN/27512,15,17,TRUE,2014
doi:10.7910/DVN/27624,3,4,FALSE,2014
doi:10.7910/DVN/27631,2,4,FALSE,2014
doi:10.7910/DVN/27662,3,3,FALSE,2014
doi:10.7910/DVN/28158,11,12,FALSE,2014
doi:10.7910/DVN/28870,1,2,FALSE,2015
doi:10.7910/DVN/29040,7,7,FALSE,2015
doi:10.7910/DVN/29095,5,6,FALSE,2015
doi:10.7910/DVN/29117,8,9,FALSE,2015
doi:10.7910/DVN/29205,14,23,FALSE,2015
doi:10.7910/DVN/29286,3,3,FALSE,2015
doi:10.7910/DVN/29314,18,17,FALSE,2015
doi:10.7910/DVN/29379,2,3,TRUE,2015
doi:10.7910/DVN/29427,13,9,FALSE,2015
doi:10.7910/DVN/29487,5,6,FALSE,2015
doi:10.7910/DVN/29566,1,2,FALSE,2015
doi:10.7910/DVN/2CLJPA,1,2,FALSE,2019
doi:10.7910/DVN/2CS1VF,1,2,FALSE,2018
doi:10.7910/DVN/2CVG5E,7,8,TRUE,2024
doi:10.7910/DVN/2E2M9Z,19,12,FALSE,2018
doi:10.7910/DVN/2E4MOZ,28,17,FALSE,2023
doi:10.7910/DVN/2JKWNS,15,10,FALSE,2021
doi:10.7910/DVN/2LH0BZ,6,8,FALSE,2021
doi:10.7910/DVN/2O7CN0,2,3,FALSE,2018
doi:10.7910/DVN/2UUQ25,3,3,FALSE,2018
doi:10.7910/DVN/2VF2J0,17,13,FALSE,2018
doi:10.7910/DVN/2VHCON,1,2,FALSE,2022
doi:10.7910/DVN/2WRQWZ,1,2,FALSE,2024
doi:10.7910/DVN/2YA2VU,5,4,FALSE,2024
doi:10.7910/DVN/33K3EF,2,3,FALSE,2020
doi:10.7910/DVN/361LGD,20,20,FALSE,2024
doi:10.7910/DVN/38BFML,14,9,FALSE,2019
doi:10.7910/DVN/3ADWK8,1,2,FALSE,2020
doi:10.7910/DVN/3AOBP2,5,6,FALSE,2022
doi:10.7910/DVN/3DK6JA,2,4,FALSE,2018
doi:10.7910/DVN/3DRQOB,10,8,FALSE,2021
doi:10.7910/DVN/3DVZYY,1,2,FALSE,2020
doi:10.7910/DVN/3FGLKN,2,3,FALSE,2024
doi:10.7910/DVN/3FNP7Q,4,5,FALSE,2024
doi:10.7910/DVN/3KOQWQ,1,2,FALSE,2018
doi:10.7910/DVN/3RWCPB,4,6,FALSE,2022
doi:10.7910/DVN/3TTQL2,2,3,FALSE,2018
doi:10.7910/DVN/4DUB7X,3,4,FALSE,2023
doi:10.7910/DVN/4EZPKF,7,8,FALSE,2022
doi:10.7910/DVN/4G2DBT,1,2,FALSE,2017
doi:10.7910/DVN/4M0HEN,35,30,TRUE,2020
doi:10.7910/DVN/4NEPI7,3,5,FALSE,2020
doi:10.7910/DVN/4QQHW7,42,28,FALSE,2024
doi:10.7910/DVN/4QRUPR,3,4,FALSE,2017
doi:10.7910/DVN/4T7Q6U,6,8,FALSE,2024
doi:10.7910/DVN/4UOQUR,17,22,TRUE,2023
doi:10.7910/DVN/4VCBQB,5,6,FALSE,2020
doi:10.7910/DVN/4VHZWW,7,8,FALSE,2021
doi:10.7910/DVN/4WNEE9,8,8,FALSE,2020
doi:10.7910/DVN/4XI0UG,6,7,FALSE,2017
doi:10.7910/DVN/57QESD,15,8,FALSE,2020
doi:10.7910/DVN/5AN3RU,8,8,FALSE,2017
doi:10.7910/DVN/5CNOTD,5,4,TRUE,2023
doi:10.7910/DVN/5CYWWF,1,2,FALSE,2019
doi:10.7910/DVN/5E3D0F,9,10,FALSE,2023
doi:10.7910/DVN/5GP5SI,12,12,TRUE,2023
doi:10.7910/DVN/5HEB4I,1,2,FALSE,2015
doi:10.7910/DVN/5JLGEL,1,2,FALSE,2018
doi:10.7910/DVN/5K89TG,14,16,FALSE,2023
doi:10.7910/DVN/5OUHOW,11,12,FALSE,2024
doi:10.7910/DVN/5PEQSS,9,10,FALSE,2022
doi:10.7910/DVN/5QBS9A,16,12,FALSE,2020
doi:10.7910/DVN/5S1HRF,1,2,FALSE,2020
doi:10.7910/DVN/5UMCKK,1,2,FALSE,2017
doi:10.7910/DVN/5XG84N,30,31,FALSE,2022
doi:10.7910/DVN/61JSZQ,11,12,FALSE,2017
doi:10.7910/DVN/64HPWB,4,6,FALSE,2022
doi:10.7910/DVN/6IO5ET,16,17,FALSE,2015
doi:10.7910/DVN/6IRAEM,6,7,FALSE,2021
doi:10.7910/DVN/6KPFOK,3,4,FALSE,2019
doi:10.7910/DVN/6OKNOY,2,3,FALSE,2023
doi:10.7910/DVN/6RL6ID,6,5,FALSE,2024
doi:10.7910/DVN/6SRI9K,1,2,FALSE,2020
doi:10.7910/DVN/6TFUSP,3,4,FALSE,2013
doi:10.7910/DVN/6VJ2WK,1,2,FALSE,2023
doi:10.7910/DVN/6YNZTE,2,3,FALSE,2019
doi:10.7910/DVN/70UDEG,1,2,FALSE,2023
doi:10.7910/DVN/7190MT,3,5,FALSE,2018
doi:10.7910/DVN/74QEO9,23,12,FALSE,2023
doi:10.7910/DVN/78JPNJ,5,5,FALSE,2018
doi:10.7910/DVN/79RI4R,1,2,FALSE,2020
doi:10.7910/DVN/7C5RYJ,2,3,FALSE,2023
doi:10.7910/DVN/7D48YB,2,3,FALSE,2015
doi:10.7910/DVN/7GPSCA,19,20,FALSE,2020
doi:10.7910/DVN/7JFVQI,4,5,FALSE,2022
doi:10.7910/DVN/7KSNCE,3,4,FALSE,2015
doi:10.7910/DVN/7NP2XH,6,6,FALSE,2020
doi:10.7910/DVN/7PZHF6,6,9,FALSE,2020
doi:10.7910/DVN/7Q9ZSR,10,11,FALSE,2017
doi:10.7910/DVN/7SYM1H,7,9,FALSE,2021
doi:10.7910/DVN/7UBRAC,14,13,FALSE,2018
doi:10.7910/DVN/7UOT14,13,10,FALSE,2023
doi:10.7910/DVN/7WUTWA,2,4,FALSE,2021
doi:10.7910/DVN/7ZVSYO,2,4,FALSE,2019
doi:10.7910/DVN/85RL5E,13,15,FALSE,2019
doi:10.7910/DVN/87TSER,11,14,FALSE,2024
doi:10.7910/DVN/88XL3K,2,3,FALSE,2023
doi:10.7910/DVN/8B31FG,2,4,FALSE,2020
doi:10.7910/DVN/8GNMUY,7,8,FALSE,2023
doi:10.7910/DVN/8HFVU8,102,25,TRUE,2019
doi:10.7910/DVN/8I6NOT,5,10,FALSE,2021
doi:10.7910/DVN/8JFNSN,8,6,FALSE,2021
doi:10.7910/DVN/8JW4Q7,7,8,FALSE,2018
doi:10.7910/DVN/8KNF3I,1,2,FALSE,2019
doi:10.7910/DVN/8L1SHV,28,13,FALSE,2020
doi:10.7910/DVN/8OKVHY,2,3,TRUE,2018
doi:10.7910/DVN/8PIIAI,1,2,FALSE,2019
doi:10.7910/DVN/8SIOKU,2,3,TRUE,2022
doi:10.7910/DVN/8VBGXO,12,12,FALSE,2020
doi:10.7910/DVN/8WZ793,1,2,FALSE,2020
doi:10.7910/DVN/8X77JA,7,6,FALSE,2024
doi:10.7910/DVN/8XPBSA,6,7,FALSE,2016
doi:10.7910/DVN/8YPPLM,2,4,FALSE,2018
doi:10.7910/DVN/8ZJBLI,5,7,FALSE,2018
doi:10.7910/DVN/8ZT2ID,3,4,FALSE,2020
doi:10.7910/DVN/8ZTQNM,1,2,FALSE,2020
doi:10.7910/DVN/93GVWI,5,4,FALSE,2020
doi:10.7910/DVN/96KNLB,2,3,FALSE,2013
doi:10.7910/DVN/96WYRS,3,4,FALSE,2015
doi:10.7910/DVN/9AMKHL,2,4,FALSE,2020
doi:10.7910/DVN/9AWUYJ,14,10,FALSE,2017
doi:10.7910/DVN/9ERCTY,10,7,FALSE,2020
doi:10.7910/DVN/9F0SMU,3,5,FALSE,2019
doi:10.7910/DVN/9FUPQQ,3,4,FALSE,2024
doi:10.7910/DVN/9GSJ6V,1,2,FALSE,2022
doi:10.7910/DVN/9JS5AJ,20,18,FALSE,2022
doi:10.7910/DVN/9JWDKK,22,17,FALSE,2024
doi:10.7910/DVN/9MQDK7,4,4,FALSE,2021
doi:10.7910/DVN/9OK6RH,35,22,FALSE,2020
doi:10.7910/DVN/9OOLQ7,15,17,FALSE,2015
doi:10.7910/DVN/9PXU5U,2,3,FALSE,2024
doi:10.7910/DVN/9QSQIW,8,9,FALSE,2021
doi:10.7910/DVN/9QUMY3,4,5,FALSE,2020
doi:10.7910/DVN/9U6QXP,2,3,FALSE,2016
doi:10.7910/DVN/9UXYCQ,6,8,FALSE,2024
doi:10.7910/DVN/9WNYEU,32,20,TRUE,2018
doi:10.7910/DVN/9ZZOTW,2,3,FALSE,2019
doi:10.7910/DVN/A11CD5,9,10,FALSE,2022
doi:10.7910/DVN/A2EIZC,1,2,FALSE,2016
doi:10.7910/DVN/A3M7PY,5,6,FALSE,2019
doi:10.7910/DVN/A81LPK,3,3,FALSE,2021
doi:10.7910/DVN/ACRFJM,11,11,FALSE,2023
doi:10.7910/DVN/ACYZIC,7,5,FALSE,2017
doi:10.7910/DVN/ADE2SJ,12,7,FALSE,2021
doi:10.7910/DVN/AEDRXN,8,9,FALSE,2023
doi:10.7910/DVN/AFYKUH,12,13,FALSE,2023
doi:10.7910/DVN/AGIMGY,15,11,TRUE,2019
doi:10.7910/DVN/AH2PEI,9,10,FALSE,2019
doi:10.7910/DVN/AHQRVR,4,5,FALSE,2022
doi:10.7910/DVN/AI3VM8,19,12,FALSE,2018
doi:10.7910/DVN/AIKUDN,3,4,FALSE,2022
doi:10.7910/DVN/AIRCBB,4,6,FALSE,2015
doi:10.7910/DVN/AJHFHU,9,10,FALSE,2018
doi:10.7910/DVN/AJLO8J,6,8,FALSE,2024
doi:10.7910/DVN/AJWTLI,5,6,FALSE,2024
doi:10.7910/DVN/AKGWBL,12,13,FALSE,2020
doi:10.7910/DVN/AL8I2B,8,8,FALSE,2024
doi:10.7910/DVN/AM3LJF,30,22,TRUE,2021
doi:10.7910/DVN/AMJXCB,2,3,FALSE,2018
doi:10.7910/DVN/AMMFVZ,2,3,FALSE,2018
doi:10.7910/DVN/AMMI3S,12,12,FALSE,2013
doi:10.7910/DVN/AMWWZE,21,17,FALSE,2024
doi:10.7910/DVN/AO7IYJ,2,4,FALSE,2023
doi:10.7910/DVN/AP0DHP,8,10,FALSE,2020
doi:10.7910/DVN/ASDLQX,14,9,FALSE,2024
doi:10.7910/DVN/AU1MVC,1,2,TRUE,2024
doi:10.7910/DVN/AWSQTW,7,6,FALSE,2021
doi:10.7910/DVN/AXVEXM,5,6,FALSE,2015
doi:10.7910/DVN/AYBXMJ,9,6,FALSE,2021
doi:10.7910/DVN/AYFAFF,11,8,FALSE,2021
doi:10.7910/DVN/AYSHR4,3,5,FALSE,2023
doi:10.7910/DVN/AZFHYN,8,9,FALSE,2019
doi:10.7910/DVN/AZTWDW,8,10,FALSE,2013
doi:10.7910/DVN/B1HHGV,4,5,FALSE,2019
doi:10.7910/DVN/B3UBXR,7,8,FALSE,2024
doi:10.7910/DVN/B6ZNAI,20,13,TRUE,2023
doi:10.7910/DVN/B8TWK2,28,16,FALSE,2020
doi:10.7910/DVN/B8Y17J,7,8,FALSE,2021
doi:10.7910/DVN/B9JAV0,3,6,FALSE,2020
doi:10.7910/DVN/B9SCDJ,1,2,FALSE,2018
doi:10.7910/DVN/B9U5BH,2,3,FALSE,2019
doi:10.7910/DVN/BAFF8Q,30,31,FALSE,2020
doi:10.7910/DVN/BC2HEO,6,5,FALSE,2020
doi:10.7910/DVN/BFEBHQ,5,6,FALSE,2020
doi:10.7910/DVN/BFRJDU,7,10,FALSE,2023
doi:10.7910/DVN/BGLGBZ,14,14,FALSE,2024
doi:10.7910/DVN/BGSCO4,11,12,FALSE,2024
doi:10.7910/DVN/BLXMCY,6,9,FALSE,2015
doi:10.7910/DVN/BOKBQQ,15,16,FALSE,2023
doi:10.7910/DVN/BOWEJG,17,17,FALSE,2020
doi:10.7910/DVN/BPON3K,2,3,FALSE,2017
doi:10.7910/DVN/BQGWYI,3,4,FALSE,2019
doi:10.7910/DVN/BS3DF7,3,4,FALSE,2024
doi:10.7910/DVN/BWZ3N0,2,3,FALSE,2024
doi:10.7910/DVN/BXIRYE,3,3,FALSE,2024
doi:10.7910/DVN/BZZ9VF,3,3,FALSE,2020
doi:10.7910/DVN/C139OP,9,9,FALSE,2021
doi:10.7910/DVN/C15VOD,27,22,FALSE,2018
doi:10.7910/DVN/C1SICS,15,13,TRUE,2018
doi:10.7910/DVN/C1SWYV,2,3,FALSE,2022
doi:10.7910/DVN/C2LWHA,18,19,FALSE,2018
doi:10.7910/DVN/C7A5TN,35,23,TRUE,2022
doi:10.7910/DVN/CAEEG7,15,16,FALSE,2016
doi:10.7910/DVN/CCV1NN,1,2,FALSE,2021
doi:10.7910/DVN/CEJSVJ,3,4,FALSE,2017
doi:10.7910/DVN/CFASH6,1,2,FALSE,2020
doi:10.7910/DVN/CFTMK2,1,2,FALSE,2019
doi:10.7910/DVN/CGINSA,2,3,FALSE,2019
doi:10.7910/DVN/CGXPF5,10,7,FALSE,2021
doi:10.7910/DVN/CJMKGX,2,3,FALSE,2015
doi:10.7910/DVN/CKXW7L,5,6,FALSE,2024
doi:10.7910/DVN/CL0RU2,21,8,FALSE,2020
doi:10.7910/DVN/CLGI63,1,2,FALSE,2024
doi:10.7910/DVN/CLMQ8E,3,4,FALSE,2017
doi:10.7910/DVN/CLYDWU,1,2,FALSE,2023
doi:10.7910/DVN/CMOWUL,7,8,FALSE,2020
doi:10.7910/DVN/COOVRP,12,13,FALSE,2019
doi:10.7910/DVN/CPVIOF,10,11,FALSE,2019
doi:10.7910/DVN/CQ4FZR,5,6,FALSE,2024
doi:10.7910/DVN/CQUVCV,26,25,TRUE,2019
doi:10.7910/DVN/CQXHTH,4,4,FALSE,2018
doi:10.7910/DVN/CSKA4Q,13,16,FALSE,2021
doi:10.7910/DVN/CTQKJA,2,3,FALSE,2012
doi:10.7910/DVN/CTZNJV,16,14,FALSE,2018
doi:10.7910/DVN/CUR5RR,1,2,FALSE,2024
doi:10.7910/DVN/CYFIDH,2,3,FALSE,2023
doi:10.7910/DVN/CZDGR2,4,7,FALSE,2022
doi:10.7910/DVN/D0LEX4,18,19,TRUE,2017
doi:10.7910/DVN/D3VZX3,1,2,FALSE,2023
doi:10.7910/DVN/D5VRDE,3,5,FALSE,2019
doi:10.7910/DVN/D6CH6C,2,3,FALSE,2023
doi:10.7910/DVN/D7ZXZI,12,13,FALSE,2019
doi:10.7910/DVN/DAR56O,4,4,FALSE,2018
doi:10.7910/DVN/DAYSCX,10,7,FALSE,2022
doi:10.7910/DVN/DBNBEU,1,2,FALSE,2020
doi:10.7910/DVN/DCOT4D,4,5,FALSE,2024
doi:10.7910/DVN/DG2J0F,8,11,FALSE,2021
doi:10.7910/DVN/DGXXH9,7,5,FALSE,2015
doi:10.7910/DVN/DHMCRC,1,2,FALSE,2023
doi:10.7910/DVN/DIU0M1,1,2,FALSE,2021
doi:10.7910/DVN/DJ2DPZ,3,4,FALSE,2016
doi:10.7910/DVN/DJKH4H,1,2,FALSE,2018
doi:10.7910/DVN/DL8SZL,6,7,FALSE,2021
doi:10.7910/DVN/DMIDY8,8,5,FALSE,2013
doi:10.7910/DVN/DMWWS5,34,17,TRUE,2019
doi:10.7910/DVN/DNCHBF,10,8,FALSE,2024
doi:10.7910/DVN/DPVRA5,1,2,FALSE,2013
doi:10.7910/DVN/DQ1WFB,1,2,FALSE,2022
doi:10.7910/DVN/DQTIR4,6,7,FALSE,2021
doi:10.7910/DVN/DSDNX6,11,10,FALSE,2016
doi:10.7910/DVN/DUW1QY,3,4,FALSE,2019
doi:10.7910/DVN/DVP0UW,3,4,FALSE,2013
doi:10.7910/DVN/DVRNMH,1,2,FALSE,2024
doi:10.7910/DVN/DWOBT4,1,2,FALSE,2019
doi:10.7910/DVN/DYCUSZ,61,36,FALSE,2021
doi:10.7910/DVN/DZWOCK,7,7,FALSE,2021
doi:10.7910/DVN/E2OS8R,6,5,FALSE,2018
doi:10.7910/DVN/E43MOQ,5,6,FALSE,2019
doi:10.7910/DVN/E7OQEY,4,5,FALSE,2018
doi:10.7910/DVN/E852VT,12,10,FALSE,2018
doi:10.7910/DVN/E9UQ0S,17,18,FALSE,2015
doi:10.7910/DVN/EAHO3I,3,4,FALSE,2023
doi:10.7910/DVN/EARLA4,5,5,FALSE,2022
doi:10.7910/DVN/EBF7XW,6,9,FALSE,2016
doi:10.7910/DVN/EBIHBT,7,9,FALSE,2021
doi:10.7910/DVN/ECBF7Y,2,3,FALSE,2018
doi:10.7910/DVN/ECIZHV,6,5,FALSE,2015
doi:10.7910/DVN/EEMRS9,16,8,FALSE,2018
doi:10.7910/DVN/EF7R0Z,21,11,FALSE,2021
doi:10.7910/DVN/EGUVG0,9,7,FALSE,2023
doi:10.7910/DVN/EGXUBU,9,11,FALSE,2022
doi:10.7910/DVN/EHH9XT,3,6,FALSE,2022
doi:10.7910/DVN/EIINMP,10,10,FALSE,2023
doi:10.7910/DVN/EKNEIH,4,4,FALSE,2017
doi:10.7910/DVN/EKZQSZ,20,20,FALSE,2019
doi:10.7910/DVN/ELG3DE,3,4,FALSE,2019
doi:10.7910/DVN/ELWP8V,7,8,FALSE,2017
doi:10.7910/DVN/EMAJMQ,22,26,FALSE,2024
doi:10.7910/DVN/EMIDOA,10,11,FALSE,2022
doi:10.7910/DVN/EORLRJ,2,3,FALSE,2023
doi:10.7910/DVN/EPDD6F,1,2,FALSE,2020
doi:10.7910/DVN/EPT8OF,10,13,FALSE,2024
doi:10.7910/DVN/EQQAT3,3,4,FALSE,2021
doi:10.7910/DVN/ER3D0H,1,2,FALSE,2015
doi:10.7910/DVN/ESR7YG,1,2,FALSE,2023
doi:10.7910/DVN/ESRIBE,8,15,FALSE,2022
doi:10.7910/DVN/EUISZU,4,6,FALSE,2021
doi:10.7910/DVN/EV5BGV,2,3,FALSE,2021
doi:10.7910/DVN/EVYI2H,9,10,FALSE,2017
doi:10.7910/DVN/EW2GV5,6,7,FALSE,2024
doi:10.7910/DVN/EWRXPU,9,8,FALSE,2018
doi:10.7910/DVN/EWW2GX,24,25,FALSE,2015
doi:10.7910/DVN/EXKA90,20,21,FALSE,2024
doi:10.7910/DVN/EY2I6M,3,4,FALSE,2017
doi:10.7910/DVN/EYAWES,23,15,FALSE,2021
doi:10.7910/DVN/EZ8XCG,19,12,FALSE,2024
doi:10.7910/DVN/EZNXW1,5,6,FALSE,2021
doi:10.7910/DVN/F1VLBI,6,5,FALSE,2017
doi:10.7910/DVN/F2JF6G,19,11,FALSE,2018
doi:10.7910/DVN/F2LQWC,1,2,FALSE,2023
doi:10.7910/DVN/F2RDCJ,32,33,FALSE,2023
doi:10.7910/DVN/F3K3MA,70,55,TRUE,2024
doi:10.7910/DVN/F6LJP8,3,5,FALSE,2015
doi:10.7910/DVN/F6UCQT,5,6,FALSE,2023
doi:10.7910/DVN/F8JXHR,6,9,TRUE,2021
doi:10.7910/DVN/F8SRTA,18,14,FALSE,2023
doi:10.7910/DVN/F9L41L,36,25,TRUE,2021
doi:10.7910/DVN/FA8FVF,7,7,FALSE,2021
doi:10.7910/DVN/FAA9EA,2,3,FALSE,2022
doi:10.7910/DVN/FCZDKD,17,18,FALSE,2020
doi:10.7910/DVN/FDML2N,8,10,FALSE,2020
doi:10.7910/DVN/FDW6CU,11,12,FALSE,2024
doi:10.7910/DVN/FERDAN,4,4,FALSE,2013
doi:10.7910/DVN/FHOJ3L,1,2,FALSE,2013
doi:10.7910/DVN/FIKXKD,1,2,FALSE,2016
doi:10.7910/DVN/FIL6J1,3,4,FALSE,2019
doi:10.7910/DVN/FITPUI,2,3,FALSE,2020
doi:10.7910/DVN/FLDXM9,12,9,FALSE,2024
doi:10.7910/DVN/FLV8GQ,5,6,FALSE,2021
doi:10.7910/DVN/FMX62W,6,9,FALSE,2019
doi:10.7910/DVN/FO6OXL,4,5,FALSE,2023
doi:10.7910/DVN/FPYKTP,20,25,FALSE,2019
doi:10.7910/DVN/FS90RJ,31,16,FALSE,2016
doi:10.7910/DVN/FSOVA7,11,12,FALSE,2021
doi:10.7910/DVN/FTFJTV,4,5,TRUE,2019
doi:10.7910/DVN/FUAARK,3,4,FALSE,2023
doi:10.7910/DVN/FUCDTT,15,11,TRUE,2021
doi:10.7910/DVN/FUFDYH,2,3,FALSE,2022
doi:10.7910/DVN/FUSIWA,3,4,FALSE,2021
doi:10.7910/DVN/FUSY37,8,9,FALSE,2024
doi:10.7910/DVN/FVCGN8,9,11,FALSE,2024
doi:10.7910/DVN/FVRZYU,2,3,FALSE,2022
doi:10.7910/DVN/FW87Y1,3,4,FALSE,2024
doi:10.7910/DVN/FXRIOS,5,6,FALSE,2015
doi:10.7910/DVN/FXVIUR,2,4,TRUE,2023
doi:10.7910/DVN/FYVP3W,2,4,FALSE,2023
doi:10.7910/DVN/FZI6NO,30,16,TRUE,2016
doi:10.7910/DVN/G1BZ23,8,6,FALSE,2022
doi:10.7910/DVN/G4XAGY,7,7,FALSE,2018
doi:10.7910/DVN/G7J6QJ,1,2,FALSE,2022
doi:10.7910/DVN/G9OKGB,31,10,TRUE,2023
doi:10.7910/DVN/GB5BFN,1,2,FALSE,2017
doi:10.7910/DVN/GCDJ25,16,9,FALSE,2021
doi:10.7910/DVN/GDZTK8,15,17,FALSE,2018
doi:10.7910/DVN/GHHZO4,6,5,FALSE,2021
doi:10.7910/DVN/GHJ8JL,29,25,TRUE,2022
doi:10.7910/DVN/GHRHU7,16,18,FALSE,2021
doi:10.7910/DVN/GHZFJM,5,6,FALSE,2022
doi:10.7910/DVN/GIWOOO,4,5,FALSE,2024
doi:10.7910/DVN/GJIRV0,6,5,FALSE,2018
doi:10.7910/DVN/GK3TMY,1,2,FALSE,2024
doi:10.7910/DVN/GKWF0N,3,3,FALSE,2015
doi:10.7910/DVN/GL2WN8,5,6,FALSE,2020
doi:10.7910/DVN/GM1VRQ,2,4,FALSE,2023
doi:10.7910/DVN/GMFAUC,4,5,FALSE,2022
doi:10.7910/DVN/GMWOY6,10,12,FALSE,2016
doi:10.7910/DVN/GMZM4D,14,15,FALSE,2012
doi:10.7910/DVN/GODCXP,1,2,FALSE,2024
doi:10.7910/DVN/GOLMTC,16,8,FALSE,2016
doi:10.7910/DVN/GPRVC6,6,5,TRUE,2018
doi:10.7910/DVN/GQ01SY,32,19,FALSE,2024
doi:10.7910/DVN/GQOYSS,3,6,FALSE,2022
doi:10.7910/DVN/GRHQ3W,1,2,FALSE,2024
doi:10.7910/DVN/GS8IFM,12,15,FALSE,2018
doi:10.7910/DVN/GT15SC,11,7,FALSE,2023
doi:10.7910/DVN/GT8NDD,11,12,FALSE,2021
doi:10.7910/DVN/GTEBJA,19,19,FALSE,2024
doi:10.7910/DVN/GTSYTZ,7,8,FALSE,2022
doi:10.7910/DVN/GXWHFG,1,2,FALSE,2023
doi:10.7910/DVN/GXXUHV,9,10,FALSE,2023
doi:10.7910/DVN/GYX7GC,16,13,FALSE,2023
doi:10.7910/DVN/H1CCWM,3,6,FALSE,2019
doi:10.7910/DVN/H2JL7A,1,2,FALSE,2023
doi:10.7910/DVN/H2JWXV,6,6,FALSE,2023
doi:10.7910/DVN/H6CUHY,13,11,FALSE,2013
doi:10.7910/DVN/H7NFJZ,15,16,FALSE,2024
doi:10.7910/DVN/H8HM6P,12,10,FALSE,2021
doi:10.7910/DVN/H90IVD,6,7,FALSE,2022
doi:10.7910/DVN/HAKD7W,2,3,FALSE,2021
doi:10.7910/DVN/HBSARA,12,16,FALSE,2024
doi:10.7910/DVN/HDDPTB,1,2,FALSE,2020
doi:10.7910/DVN/HDGUDZ,9,11,FALSE,2020
doi:10.7910/DVN/HDOEPP,16,17,FALSE,2024
doi:10.7910/DVN/HFVIYA,3,4,FALSE,2021
doi:10.7910/DVN/HGD6CG,1,2,FALSE,2021
doi:10.7910/DVN/HI1CUP,9,10,FALSE,2019
doi:10.7910/DVN/HI1X4O,13,10,FALSE,2018
doi:10.7910/DVN/HJSQNL,30,15,TRUE,2019
doi:10.7910/DVN/HJYBA5,3,4,FALSE,2023
doi:10.7910/DVN/HMI4WY,8,11,FALSE,2019
doi:10.7910/DVN/HNH7BX,25,12,FALSE,2022
doi:10.7910/DVN/HNVBZG,7,6,FALSE,2022
doi:10.7910/DVN/HOLUME,4,5,FALSE,2020
doi:10.7910/DVN/HOMED8,1,2,FALSE,2023
doi:10.7910/DVN/HPB1CA,3,4,FALSE,2015
doi:10.7910/DVN/HPZWJR,4,6,TRUE,2020
doi:10.7910/DVN/HQKQCQ,11,16,FALSE,2015
doi:10.7910/DVN/HQQJUK,11,12,FALSE,2024
doi:10.7910/DVN/HTMX3K,1,2,FALSE,2020
doi:10.7910/DVN/HUKSID,19,22,FALSE,2018
doi:10.7910/DVN/HULLNG,5,5,FALSE,2020
doi:10.7910/DVN/HUYOHI,1,2,FALSE,2021
doi:10.7910/DVN/HUZGPJ,3,6,FALSE,2019
doi:10.7910/DVN/HVHUIP,1,2,FALSE,2018
doi:10.7910/DVN/HX6YRD,1,2,FALSE,2022
doi:10.7910/DVN/I1HVCJ,8,8,FALSE,2018
doi:10.7910/DVN/I32PHE,11,15,FALSE,2019
doi:10.7910/DVN/I3VHZK,9,9,FALSE,2024
doi:10.7910/DVN/I4KVD1,2,3,FALSE,2018
doi:10.7910/DVN/I72HB0,16,11,FALSE,2018
doi:10.7910/DVN/IANHOG,5,5,FALSE,2019
doi:10.7910/DVN/IAPQ3X,2,3,FALSE,2019
doi:10.7910/DVN/IBILHS,10,11,FALSE,2023
doi:10.7910/DVN/IDI93S,3,3,FALSE,2021
doi:10.7910/DVN/IDXWKA,14,14,FALSE,2021
doi:10.7910/DVN/IEQVC7,4,6,FALSE,2020
doi:10.7910/DVN/IHMU6B,9,11,FALSE,2023
doi:10.7910/DVN/IIE50D,1,2,FALSE,2019
doi:10.7910/DVN/IK4NUZ,3,5,FALSE,2021
doi:10.7910/DVN/IKM2A4,6,5,FALSE,2020
doi:10.7910/DVN/IM0FZN,15,16,FALSE,2021
doi:10.7910/DVN/IN2E8O,1,2,FALSE,2021
doi:10.7910/DVN/INOLBS,5,6,FALSE,2013
doi:10.7910/DVN/INVDWM,2,3,FALSE,2017
doi:10.7910/DVN/IO89OI,3,3,FALSE,2017
doi:10.7910/DVN/IPGCTN,2,3,FALSE,2024
doi:10.7910/DVN/IPXFX7,8,6,FALSE,2023
doi:10.7910/DVN/IQW9LQ,15,15,FALSE,2013
doi:10.7910/DVN/IROJ12,8,10,FALSE,2021
doi:10.7910/DVN/ITKNX5,3,4,FALSE,2021
doi:10.7910/DVN/IUB62M,2,3,FALSE,2018
doi:10.7910/DVN/IUG2C4,7,5,FALSE,2015
doi:10.7910/DVN/IUJPYK,13,9,FALSE,2017
doi:10.7910/DVN/IUZDQI,1,2,FALSE,2020
doi:10.7910/DVN/IVILML,18,18,FALSE,2023
doi:10.7910/DVN/IXTLRP,29,18,TRUE,2022
doi:10.7910/DVN/IYC3GR,8,6,FALSE,2021
doi:10.7910/DVN/IYN1YN,2,4,FALSE,2024
doi:10.7910/DVN/IZWS10,4,5,FALSE,2023
doi:10.7910/DVN/J0GBTX,11,15,TRUE,2020
doi:10.7910/DVN/J4KRBG,2,3,FALSE,2017
doi:10.7910/DVN/J7RTIW,9,11,FALSE,2023
doi:10.7910/DVN/J7WOKC,7,9,TRUE,2019
doi:10.7910/DVN/J9RCVH,5,4,FALSE,2024
doi:10.7910/DVN/JADOZL,24,26,FALSE,2024
doi:10.7910/DVN/JBXFCE,12,14,FALSE,2022
doi:10.7910/DVN/JCGCT5,6,5,FALSE,2013
doi:10.7910/DVN/JCT3F7,13,14,FALSE,2022
doi:10.7910/DVN/JGN8KR,2,3,FALSE,2024
doi:10.7910/DVN/JHJJW0,13,14,FALSE,2021
doi:10.7910/DVN/JIFKOU,14,9,FALSE,2020
doi:10.7910/DVN/JIVKHE,7,8,FALSE,2024
doi:10.7910/DVN/JK4FMH,4,4,FALSE,2023
doi:10.7910/DVN/JM7LGF,19,12,FALSE,2023
doi:10.7910/DVN/JMNFLR,8,9,FALSE,2020
doi:10.7910/DVN/JNV3XO,9,5,FALSE,2022
doi:10.7910/DVN/JO8C7A,2,3,FALSE,2021
doi:10.7910/DVN/JORLQM,9,10,FALSE,2020
doi:10.7910/DVN/JOZR5H,17,12,FALSE,2023
doi:10.7910/DVN/JPHHJV,32,24,FALSE,2023
doi:10.7910/DVN/JPKJSJ,3,5,FALSE,2024
doi:10.7910/DVN/JPVEX5,32,27,FALSE,2022
doi:10.7910/DVN/JQGLHX,12,8,FALSE,2021
doi:10.7910/DVN/JSDUTQ,9,6,FALSE,2017
doi:10.7910/DVN/JSQQSR,7,8,FALSE,2024
doi:10.7910/DVN/JSR0OE,5,7,FALSE,2018
doi:10.7910/DVN/JTKVX2,2,3,FALSE,2021
doi:10.7910/DVN/JTV6W6,1,2,FALSE,2017
doi:10.7910/DVN/JW5B3P,24,20,FALSE,2023
doi:10.7910/DVN/JWCN9A,52,27,TRUE,2024
doi:10.7910/DVN/JWJRME,5,5,FALSE,2019
doi:10.7910/DVN/JYJLUB,9,10,FALSE,2024
doi:10.7910/DVN/K0BFAG,6,7,FALSE,2022
doi:10.7910/DVN/K3QWZW,17,15,TRUE,2017
doi:10.7910/DVN/K7292I,7,7,FALSE,2015
doi:10.7910/DVN/K7OCDX,12,14,FALSE,2018
doi:10.7910/DVN/K8SC39,6,8,FALSE,2016
doi:10.7910/DVN/KBRXOR,8,9,FALSE,2017
doi:10.7910/DVN/KC73TR,5,6,FALSE,2016
doi:10.7910/DVN/KDUMRM,15,9,FALSE,2021
doi:10.7910/DVN/KEWQJS,2,4,FALSE,2023
doi:10.7910/DVN/KFSNWU,12,7,FALSE,2022
doi:10.7910/DVN/KG2APR,10,11,FALSE,2019
doi:10.7910/DVN/KGHEU4,2,3,FALSE,2018
doi:10.7910/DVN/KGK9QO,2,4,FALSE,2018
doi:10.7910/DVN/KGOUYI,12,10,FALSE,2017
doi:10.7910/DVN/KGRITG,2,4,FALSE,2023
doi:10.7910/DVN/KJWKLR,11,13,FALSE,2023
doi:10.7910/DVN/KKEVEA,10,9,FALSE,2024
doi:10.7910/DVN/KKS1R0,10,11,FALSE,2016
doi:10.7910/DVN/KL7J6Z,13,14,FALSE,2016
doi:10.7910/DVN/KPCLFQ,4,5,FALSE,2019
doi:10.7910/DVN/KPJUFL,31,18,FALSE,2018
doi:10.7910/DVN/KQU3RR,9,10,FALSE,2019
doi:10.7910/DVN/KRN6TB,1,2,FALSE,2023
doi:10.7910/DVN/KRNGAS,4,5,FALSE,2022
doi:10.7910/DVN/KSWI03,31,19,TRUE,2018
doi:10.7910/DVN/KVIJSY,2,3,FALSE,2019
doi:10.7910/DVN/KXIN0A,2,3,FALSE,2019
doi:10.7910/DVN/L4IOHC,12,13,FALSE,2018
doi:10.7910/DVN/L6WBON,17,10,FALSE,2023
doi:10.7910/DVN/LBAV1Q,1,2,FALSE,2021
doi:10.7910/DVN/LCCOH6,17,11,FALSE,2021
doi:10.7910/DVN/LD6NL8,5,5,FALSE,2017
doi:10.7910/DVN/LDRTZI,15,13,FALSE,2017
doi:10.7910/DVN/LEKKGT,5,7,FALSE,2019
doi:10.7910/DVN/LEV1RR,6,6,FALSE,2021
doi:10.7910/DVN/LFLCMA,6,8,FALSE,2021
doi:10.7910/DVN/LFQZVU,1,2,FALSE,2018
doi:10.7910/DVN/LGDIZD,6,6,FALSE,2016
doi:10.7910/DVN/LHOTOK,1,2,FALSE,2020
doi:10.7910/DVN/LHTRWM,4,5,FALSE,2021
doi:10.7910/DVN/LHWSBT,10,8,FALSE,2021
doi:10.7910/DVN/LIIUJK,27,12,FALSE,2024
doi:10.7910/DVN/LIJSWE,37,21,FALSE,2021
doi:10.7910/DVN/LJVBT6,8,7,FALSE,2017
doi:10.7910/DVN/LKE1WQ,4,6,FALSE,2022
doi:10.7910/DVN/LLQ5ZL,19,20,FALSE,2024
doi:10.7910/DVN/LNPAOC,38,25,FALSE,2017
doi:10.7910/DVN/LTPPVH,1,2,FALSE,2017
doi:10.7910/DVN/LUBZFJ,1,2,FALSE,2013
doi:10.7910/DVN/LVHIYG,4,6,FALSE,2016
doi:10.7910/DVN/LXYVSA,1,2,FALSE,2024
doi:10.7910/DVN/LZGQOH,2,3,FALSE,2016
doi:10.7910/DVN/LZV8LU,3,4,FALSE,2022
doi:10.7910/DVN/M046SB,5,7,FALSE,2019
doi:10.7910/DVN/M0LB5V,10,10,FALSE,2023
doi:10.7910/DVN/M2QGOZ,1,2,FALSE,2023
doi:10.7910/DVN/M3O9O6,12,9,FALSE,2019
doi:10.7910/DVN/M402TU,4,6,FALSE,2019
doi:10.7910/DVN/M89XMZ,1,2,FALSE,2019
doi:10.7910/DVN/M9LGXX,4,5,FALSE,2022
doi:10.7910/DVN/M9VJAV,2,4,FALSE,2017
doi:10.7910/DVN/MB2UKU,2,3,FALSE,2019
doi:10.7910/DVN/MCEFXL,2,3,TRUE,2020
doi:10.7910/DVN/MDDS0T,25,20,FALSE,2022
doi:10.7910/DVN/MDUHGS,2,4,FALSE,2023
doi:10.7910/DVN/MEIMWN,1,2,FALSE,2022
doi:10.7910/DVN/MFFV3C,9,8,FALSE,2022
doi:10.7910/DVN/MIOVA9,21,16,FALSE,2021
doi:10.7910/DVN/MIXK94,9,10,FALSE,2015
doi:10.7910/DVN/MKW8CS,4,4,FALSE,2019
doi:10.7910/DVN/MKWIHN,1,2,FALSE,2023
doi:10.7910/DVN/MLH2FY,3,5,FALSE,2017
doi:10.7910/DVN/MLJQQN,5,6,FALSE,2024
doi:10.7910/DVN/MLTZIE,7,8,FALSE,2019
doi:10.7910/DVN/MLZ39X,29,14,FALSE,2024
doi:10.7910/DVN/MMYAOY,10,12,FALSE,2021
doi:10.7910/DVN/MOTRM2,20,9,FALSE,2017
doi:10.7910/DVN/MP1NSJ,2,3,FALSE,2017
doi:10.7910/DVN/MPBGXL,2,4,FALSE,2019
doi:10.7910/DVN/MPJ50I,7,7,FALSE,2022
doi:10.7910/DVN/MQVUUD,3,4,FALSE,2021
doi:10.7910/DVN/MTQEE1,4,4,FALSE,2019
doi:10.7910/DVN/MURIT2,14,11,FALSE,2021
doi:10.7910/DVN/MUSFYH,19,11,FALSE,2021
doi:10.7910/DVN/MVD5VP,3,4,FALSE,2018
doi:10.7910/DVN/MVDWCS,10,5,FALSE,2021
doi:10.7910/DVN/MVN4DP,21,23,FALSE,2016
doi:10.7910/DVN/MWBXDN,2,4,FALSE,2020
doi:10.7910/DVN/MYM5OB,1,2,FALSE,2021
doi:10.7910/DVN/MZIKCS,2,3,FALSE,2018
doi:10.7910/DVN/N2XICI,18,14,FALSE,2024
doi:10.7910/DVN/N4RK1D,9,10,FALSE,2019
doi:10.7910/DVN/N6LIMH,29,31,FALSE,2021
doi:10.7910/DVN/NAMZXJ,6,6,FALSE,2019
doi:10.7910/DVN/NC28F3,9,10,FALSE,2020
doi:10.7910/DVN/NCUSPZ,20,12,FALSE,2019
doi:10.7910/DVN/NDPXND,8,9,FALSE,2020
doi:10.7910/DVN/NE0Y2I,21,15,TRUE,2023
doi:10.7910/DVN/NEIYVD,3,4,FALSE,2017
doi:10.7910/DVN/NFZLI3,2,3,TRUE,2019
doi:10.7910/DVN/NGFLRO,3,5,TRUE,2022
doi:10.7910/DVN/NGTWWJ,8,7,FALSE,2019
doi:10.7910/DVN/NIGQBX,7,9,FALSE,2016
doi:10.7910/DVN/NIMLAR,12,13,FALSE,2020
doi:10.7910/DVN/NJIIPR,16,10,FALSE,2023
doi:10.7910/DVN/NJIXYY,3,4,FALSE,2022
doi:10.7910/DVN/NK4SQT,3,4,FALSE,2018
doi:10.7910/DVN/NKETXF,1,2,FALSE,2023
doi:10.7910/DVN/NM0XLV,1,2,FALSE,2023
doi:10.7910/DVN/NMCOBF,2,3,TRUE,2018
doi:10.7910/DVN/NMJ4W9,6,4,FALSE,2017
doi:10.7910/DVN/NN0OXE,4,4,FALSE,2022
doi:10.7910/DVN/NNBZP7,3,3,FALSE,2016
doi:10.7910/DVN/NOMC0H,60,57,TRUE,2020
doi:10.7910/DVN/NOMRHB,6,7,FALSE,2022
doi:10.7910/DVN/NOYBCQ,11,12,FALSE,2019
doi:10.7910/DVN/NRAQRH,12,8,TRUE,2018
doi:10.7910/DVN/NT7H5O,20,20,FALSE,2024
doi:10.7910/DVN/NUACCP,6,6,FALSE,2013
doi:10.7910/DVN/NVMD6X,4,5,FALSE,2022
doi:10.7910/DVN/NVVVUV,32,18,TRUE,2021
doi:10.7910/DVN/NVXQ0G,20,12,FALSE,2023
doi:10.7910/DVN/NWDZJB,26,14,FALSE,2024
doi:10.7910/DVN/NX0QGA,3,4,FALSE,2023
doi:10.7910/DVN/NXDEGT,27,29,FALSE,2021
doi:10.7910/DVN/NYONTD,7,6,FALSE,2020
doi:10.7910/DVN/NYOXTE,3,4,FALSE,2023
doi:10.7910/DVN/NYPOQD,12,13,FALSE,2021
doi:10.7910/DVN/O059HN,23,18,FALSE,2020
doi:10.7910/DVN/O3A06T,10,7,FALSE,2015
doi:10.7910/DVN/O3DTSF,8,10,FALSE,2021
doi:10.7910/DVN/O7DDIN,2,3,FALSE,2012
doi:10.7910/DVN/OAGZZD,4,5,FALSE,2017
doi:10.7910/DVN/OAPCH9,24,15,FALSE,2018
doi:10.7910/DVN/OB00VG,8,9,FALSE,2015
doi:10.7910/DVN/OCUJ2F,11,9,FALSE,2015
doi:10.7910/DVN/OEHBYH,9,9,FALSE,2024
doi:10.7910/DVN/OENR84,7,9,FALSE,2021
doi:10.7910/DVN/OFCAAE,5,5,FALSE,2021
doi:10.7910/DVN/OGVWDE,2,4,FALSE,2018
doi:10.7910/DVN/OHHVPY,13,10,FALSE,2020
doi:10.7910/DVN/OIJ5ZD,30,16,FALSE,2023
doi:10.7910/DVN/OJA7YS,20,21,FALSE,2019
doi:10.7910/DVN/OJCQ5O,3,4,FALSE,2015
doi:10.7910/DVN/OJUCRU,20,9,FALSE,2020
doi:10.7910/DVN/OKYC0B,12,13,FALSE,2020
doi:10.7910/DVN/OKZMIY,2,3,FALSE,2019
doi:10.7910/DVN/OLTXFC,7,5,FALSE,2019
doi:10.7910/DVN/OM6ZUR,26,30,TRUE,2023
doi:10.7910/DVN/OMPDH0,4,5,FALSE,2022
doi:10.7910/DVN/ON8RBD,4,6,FALSE,2019
doi:10.7910/DVN/OO6RB0,7,8,FALSE,2024
doi:10.7910/DVN/OOLBO9,6,5,FALSE,2019
doi:10.7910/DVN/ORRRTW,3,4,FALSE,2023
doi:10.7910/DVN/OWVXUD,8,9,FALSE,2021
doi:10.7910/DVN/OX5CZF,1,2,FALSE,2015
doi:10.7910/DVN/OXSQMU,9,10,FALSE,2022
doi:10.7910/DVN/P1PEGO,7,8,FALSE,2018
doi:10.7910/DVN/P1TL97,5,7,FALSE,2024
doi:10.7910/DVN/P2U84B,1,2,FALSE,2024
doi:10.7910/DVN/P3RXDM,21,15,TRUE,2020
doi:10.7910/DVN/P5TAFD,45,21,TRUE,2020
doi:10.7910/DVN/P7NAJW,3,4,FALSE,2020
doi:10.7910/DVN/PATI3W,1,2,FALSE,2022
doi:10.7910/DVN/PB8X8P,1,2,FALSE,2018
doi:10.7910/DVN/PBHNHR,4,4,FALSE,2020
doi:10.7910/DVN/PBQRGQ,9,12,FALSE,2019
doi:10.7910/DVN/PEHPBY,1,2,FALSE,2020
doi:10.7910/DVN/PENDX4,2,4,FALSE,2017
doi:10.7910/DVN/PGCVDP,4,4,FALSE,2017
doi:10.7910/DVN/PGFOXW,1,2,FALSE,2019
doi:10.7910/DVN/PGGBB4,5,5,FALSE,2019
doi:10.7910/DVN/PGGT4N,25,21,FALSE,2024
doi:10.7910/DVN/PGNYUJ,2,3,FALSE,2021
doi:10.7910/DVN/PLKWUL,3,4,FALSE,2024
doi:10.7910/DVN/PLLBQJ,12,9,FALSE,2016
doi:10.7910/DVN/PLZ9LJ,1,2,FALSE,2022
doi:10.7910/DVN/PPVWIG,4,4,FALSE,2024
doi:10.7910/DVN/PRYYZ5,8,9,FALSE,2023
doi:10.7910/DVN/PSSLAC,2,3,FALSE,2021
doi:10.7910/DVN/PTHMQU,6,5,FALSE,2021
doi:10.7910/DVN/PTOYUX,24,15,FALSE,2016
doi:10.7910/DVN/PUIROM,2,3,FALSE,2019
doi:10.7910/DVN/PXXUCO,1,2,FALSE,2022
doi:10.7910/DVN/PY0NKM,4,6,FALSE,2024
doi:10.7910/DVN/PYWNTB,6,6,FALSE,2015
doi:10.7910/DVN/PZAOO6,3,4,FALSE,2012
doi:10.7910/DVN/PZHUFO,7,8,FALSE,2023
doi:10.7910/DVN/Q0CNZA,13,12,FALSE,2020
doi:10.7910/DVN/Q0XAPV,4,4,FALSE,2015
doi:10.7910/DVN/Q1WIDV,2,3,FALSE,2022
doi:10.7910/DVN/Q4VN7A,5,6,FALSE,2021
doi:10.7910/DVN/Q5PV4U,3,4,FALSE,2020
doi:10.7910/DVN/Q7EXX4,1,2,FALSE,2020
doi:10.7910/DVN/Q8CSU8,1,2,FALSE,2016
doi:10.7910/DVN/QAJQXP,18,11,TRUE,2020
doi:10.7910/DVN/QB1TUJ,1,2,FALSE,2020
doi:10.7910/DVN/QBHGRC,2,4,FALSE,2018
doi:10.7910/DVN/QBKXT3,3,5,FALSE,2023
doi:10.7910/DVN/QBNFFR,1,2,FALSE,2020
doi:10.7910/DVN/QBTECH,30,12,TRUE,2019
doi:10.7910/DVN/QINQ6H,11,12,FALSE,2024
doi:10.7910/DVN/QIWQWL,2,3,FALSE,2020
doi:10.7910/DVN/QJ9E9M,21,20,FALSE,2018
doi:10.7910/DVN/QNCRWS,8,7,FALSE,2019
doi:10.7910/DVN/QOVWMM,2,4,FALSE,2021
doi:10.7910/DVN/QQBARG,5,10,FALSE,2017
doi:10.7910/DVN/QQKR3F,1,2,FALSE,2023
doi:10.7910/DVN/QR1EIR,5,6,FALSE,2022
doi:10.7910/DVN/QSXDUN,19,10,FALSE,2017
doi:10.7910/DVN/QTJGR5,2,3,FALSE,2021
doi:10.7910/DVN/QTOIQF,3,4,FALSE,2019
doi:10.7910/DVN/QTUF6D,5,7,FALSE,2021
doi:10.7910/DVN/QUHIIE,1,2,FALSE,2015
doi:10.7910/DVN/QV7AJH,8,9,FALSE,2017
doi:10.7910/DVN/QVLR1C,1,2,FALSE,2020
doi:10.7910/DVN/QWLGGN,10,12,FALSE,2019
doi:10.7910/DVN/QWSLYN,1,2,FALSE,2023
doi:10.7910/DVN/QXJDJ5,4,6,FALSE,2020
doi:10.7910/DVN/QYG8ZI,3,4,FALSE,2019
doi:10.7910/DVN/QYZGEI,21,24,FALSE,2021
doi:10.7910/DVN/QZNGVJ,13,14,FALSE,2019
doi:10.7910/DVN/R0FXPH,1,2,FALSE,2020
doi:10.7910/DVN/R163AN,6,8,FALSE,2017
doi:10.7910/DVN/R2NKL3,2,3,FALSE,2024
doi:10.7910/DVN/R3GZZW,50,31,FALSE,2017
doi:10.7910/DVN/R3XPEJ,37,30,FALSE,2022
doi:10.7910/DVN/R4USRU,28,19,FALSE,2023
doi:10.7910/DVN/R8TUOQ,2,3,FALSE,2021
doi:10.7910/DVN/RAMHWP,7,9,FALSE,2017
doi:10.7910/DVN/RCT2YX,7,10,FALSE,2022
doi:10.7910/DVN/RDU9JR,9,13,FALSE,2022
doi:10.7910/DVN/REXZ8H,4,4,FALSE,2020
doi:10.7910/DVN/RFECVH,6,8,FALSE,2019
doi:10.7910/DVN/RFYOH6,7,8,FALSE,2019
doi:10.7910/DVN/RHM7HX,6,7,FALSE,2023
doi:10.7910/DVN/RIOEAY,2,3,FALSE,2015
doi:10.7910/DVN/RJL2DK,4,5,FALSE,2019
doi:10.7910/DVN/RJY34I,17,18,FALSE,2022
doi:10.7910/DVN/RK5GOH,17,21,TRUE,2023
doi:10.7910/DVN/RKV5ZI,29,31,FALSE,2024
doi:10.7910/DVN/RL5N9Y,1,2,FALSE,2024
doi:10.7910/DVN/RM7VAL,1,2,FALSE,2021
doi:10.7910/DVN/RMHOHL,1,2,FALSE,2016
doi:10.7910/DVN/ROLEY5,2,3,FALSE,2018
doi:10.7910/DVN/ROUWNS,2,3,FALSE,2018
doi:10.7910/DVN/RP8Z94,3,5,FALSE,2019
doi:10.7910/DVN/RQE9SO,5,5,FALSE,2021
doi:10.7910/DVN/RQZWE6,7,8,FALSE,2019
doi:10.7910/DVN/RRBPUD,2,3,FALSE,2019
doi:10.7910/DVN/RSSRRV,9,6,FALSE,2020
doi:10.7910/DVN/RTGDFW,3,4,FALSE,2022
doi:10.7910/DVN/RUQ2KP,108,32,FALSE,2018
doi:10.7910/DVN/RVV8SD,6,7,FALSE,2022
doi:10.7910/DVN/RW10GZ,23,12,FALSE,2017
doi:10.7910/DVN/RWPSHO,3,3,FALSE,2022
doi:10.7910/DVN/RXA4JB,6,6,FALSE,2021
doi:10.7910/DVN/RXOZEZ,2,3,FALSE,2024
doi:10.7910/DVN/RXXQSQ,1,2,FALSE,2019
doi:10.7910/DVN/RYKJKS,1,2,FALSE,2018
doi:10.7910/DVN/RZVMJW,50,53,TRUE,2022
doi:10.7910/DVN/S1EUAF,5,5,FALSE,2020
doi:10.7910/DVN/S2Y1PA,11,7,FALSE,2018
doi:10.7910/DVN/S3CGUV,2,3,FALSE,2022
doi:10.7910/DVN/S3HACJ,7,6,FALSE,2020
doi:10.7910/DVN/S5YMS7,11,11,TRUE,2021
doi:10.7910/DVN/S61MIY,1,2,FALSE,2023
doi:10.7910/DVN/S8LSKA,9,10,FALSE,2021
doi:10.7910/DVN/S9MIJU,1,2,FALSE,2016
doi:10.7910/DVN/SBOMZD,8,7,FALSE,2018
doi:10.7910/DVN/SDSUQG,48,31,FALSE,2024
doi:10.7910/DVN/SEHMGR,31,11,TRUE,2018
doi:10.7910/DVN/SEOCQ0,2,3,FALSE,2019
doi:10.7910/DVN/SFTMNO,30,13,TRUE,2018
doi:10.7910/DVN/SG55BJ,1,2,FALSE,2022
doi:10.7910/DVN/SI0NQF,23,24,FALSE,2022
doi:10.7910/DVN/SIUR6A,42,23,TRUE,2017
doi:10.7910/DVN/SJBWC3,8,6,FALSE,2017
doi:10.7910/DVN/SJI4IA,3,4,FALSE,2018
doi:10.7910/DVN/SKKYFB,1,2,FALSE,2024
doi:10.7910/DVN/SLWCLZ,12,8,FALSE,2021
doi:10.7910/DVN/SMLV5D,9,10,FALSE,2018
doi:10.7910/DVN/SNQG8P,5,7,FALSE,2017
doi:10.7910/DVN/SNW8PV,1,2,FALSE,2018
doi:10.7910/DVN/SQH6IF,4,5,FALSE,2018
doi:10.7910/DVN/SQSTSC,5,5,FALSE,2024
doi:10.7910/DVN/SRPTCV,13,20,FALSE,2017
doi:10.7910/DVN/SS0UEI,7,7,FALSE,2021
doi:10.7910/DVN/SSEN5A,2,3,FALSE,2019
doi:10.7910/DVN/STOQ1Q,41,30,FALSE,2016
doi:10.7910/DVN/STXADQ,10,12,FALSE,2019
doi:10.7910/DVN/SU3R6Y,2,3,FALSE,2024
doi:10.7910/DVN/SUCNTD,4,7,FALSE,2024
doi:10.7910/DVN/SUKHMB,7,5,FALSE,2021
doi:10.7910/DVN/SUPM3R,11,16,FALSE,2016
doi:10.7910/DVN/SUQC9N,2,3,FALSE,2018
doi:10.7910/DVN/SXFB9E,1,2,FALSE,2019
doi:10.7910/DVN/SYYMJ0,1,2,FALSE,2019
doi:10.7910/DVN/SZ3K77,1,2,FALSE,2022
doi:10.7910/DVN/SZFCUJ,3,3,FALSE,2024
doi:10.7910/DVN/SZK4NF,9,7,FALSE,2013
doi:10.7910/DVN/T0R1GE,2,3,FALSE,2021
doi:10.7910/DVN/T1NXVQ,10,9,FALSE,2023
doi:10.7910/DVN/T1TELH,5,6,FALSE,2018
doi:10.7910/DVN/T1WGWG,3,6,FALSE,2012
doi:10.7910/DVN/T21M2M,10,7,FALSE,2019
doi:10.7910/DVN/T5DKRO,1,2,FALSE,2017
doi:10.7910/DVN/T8OYHT,7,6,FALSE,2019
doi:10.7910/DVN/T9AEBN,5,4,FALSE,2021
doi:10.7910/DVN/T9WESH,4,5,FALSE,2017
doi:10.7910/DVN/TBMFDA,9,10,FALSE,2023
doi:10.7910/DVN/TE1YA6,2,4,FALSE,2021
doi:10.7910/DVN/TGJQUL,23,13,FALSE,2021
doi:10.7910/DVN/THBT8N,14,12,FALSE,2024
doi:10.7910/DVN/THU75A,30,11,FALSE,2022
doi:10.7910/DVN/TIXGF8,8,6,FALSE,2016
doi:10.7910/DVN/TJ1ZXX,10,10,FALSE,2018
doi:10.7910/DVN/TJAISA,8,9,FALSE,2023
doi:10.7910/DVN/TJKIWN,24,10,FALSE,2017
doi:10.7910/DVN/TKLSNE,2,3,FALSE,2023
doi:10.7910/DVN/TKU9WH,21,11,FALSE,2017
doi:10.7910/DVN/TLT65Z,4,6,FALSE,2013
doi:10.7910/DVN/TM8ZDB,1,2,FALSE,2024
doi:10.7910/DVN/TMJWIA,12,12,FALSE,2022
doi:10.7910/DVN/TMTCZD,6,8,FALSE,2015
doi:10.7910/DVN/TNFDDX,14,16,FALSE,2020
doi:10.7910/DVN/TNQ7EI,4,5,FALSE,2022
doi:10.7910/DVN/TNWENH,1,2,FALSE,2017
doi:10.7910/DVN/TOP7OV,8,6,FALSE,2020
doi:10.7910/DVN/TQ9TK1,12,8,FALSE,2019
doi:10.7910/DVN/TR4OUK,5,8,FALSE,2017
doi:10.7910/DVN/TR9NAB,2,3,FALSE,2020
doi:10.7910/DVN/TRIEF2,11,13,FALSE,2019
doi:10.7910/DVN/TTE3SQ,2,4,FALSE,2018
doi:10.7910/DVN/TTK06U,1,2,FALSE,2018
doi:10.7910/DVN/TTPEOE,1,2,FALSE,2022
doi:10.7910/DVN/TUSXIG,2,3,FALSE,2020
doi:10.7910/DVN/TVI1AR,5,4,FALSE,2022
doi:10.7910/DVN/TVZQG6,7,8,FALSE,2018
doi:10.7910/DVN/TW5FHR,13,12,FALSE,2013
doi:10.7910/DVN/TWVXKZ,10,8,FALSE,2019
doi:10.7910/DVN/TYJFQD,33,27,TRUE,2021
doi:10.7910/DVN/TYNEDE,13,10,FALSE,2021
doi:10.7910/DVN/TZVDUQ,5,7,FALSE,2022
doi:10.7910/DVN/U07SDB,8,7,FALSE,2019
doi:10.7910/DVN/U090WG,4,7,FALSE,2024
doi:10.7910/DVN/U1CB0K,3,3,FALSE,2017
doi:10.7910/DVN/U4ND12,2,3,FALSE,2023
doi:10.7910/DVN/U6EC8N,14,9,FALSE,2020
doi:10.7910/DVN/UAWGPU,1,2,FALSE,2016
doi:10.7910/DVN/UBU601,9,8,FALSE,2024
doi:10.7910/DVN/UCRHWN,1,2,FALSE,2016
doi:10.7910/DVN/UDUJEI,8,6,FALSE,2013
doi:10.7910/DVN/UDVEXN,1,2,FALSE,2016
doi:10.7910/DVN/UEARI0,30,31,TRUE,2020
doi:10.7910/DVN/UEOK3H,2,4,FALSE,2019
doi:10.7910/DVN/UEYVO1,20,11,FALSE,2024
doi:10.7910/DVN/UFZTYU,16,16,FALSE,2019
doi:10.7910/DVN/UGI0MH,1,2,FALSE,2021
doi:10.7910/DVN/UIFXGX,13,8,FALSE,2020
doi:10.7910/DVN/UJYEAD,1,2,FALSE,2018
doi:10.7910/DVN/ULTUUC,4,5,FALSE,2017
doi:10.7910/DVN/UMP7YP,10,10,FALSE,2020
doi:10.7910/DVN/UMSSKG,11,7,FALSE,2019
doi:10.7910/DVN/UNWIHE,1,2,FALSE,2018
doi:10.7910/DVN/UOABFB,6,6,FALSE,2017
doi:10.7910/DVN/UPHCUE,1,2,FALSE,2022
doi:10.7910/DVN/UPSRNO,3,4,FALSE,2015
doi:10.7910/DVN/UQAIZI,1,2,FALSE,2017
doi:10.7910/DVN/UQDLUB,2,3,FALSE,2023
doi:10.7910/DVN/USYADS,25,17,FALSE,2023
doi:10.7910/DVN/UTJGTF,7,8,FALSE,2017
doi:10.7910/DVN/UTPOTW,2,3,FALSE,2020
doi:10.7910/DVN/UTRXT7,9,6,FALSE,2021
doi:10.7910/DVN/UV7ZPZ,1,2,FALSE,2017
doi:10.7910/DVN/UW9NBY,2,4,FALSE,2024
doi:10.7910/DVN/UXB857,3,4,FALSE,2023
doi:10.7910/DVN/UY2GRM,3,4,FALSE,2024
doi:10.7910/DVN/UYXRI8,1,2,FALSE,2019
doi:10.7910/DVN/UZFWT7,5,7,FALSE,2024
doi:10.7910/DVN/V3DHAS,1,2,FALSE,2018
doi:10.7910/DVN/V83FXD,30,14,FALSE,2019
doi:10.7910/DVN/V8C2HB,1,2,FALSE,2020
doi:10.7910/DVN/V8U06V,59,31,TRUE,2020
doi:10.7910/DVN/V9QSWK,30,31,FALSE,2017
doi:10.7910/DVN/VAY7ZQ,22,21,FALSE,2017
doi:10.7910/DVN/VDF4JW,2,3,FALSE,2023
doi:10.7910/DVN/VEPHLS,1,2,FALSE,2017
doi:10.7910/DVN/VFBVRG,1,2,FALSE,2020
doi:10.7910/DVN/VG3UFZ,8,6,FALSE,2019
doi:10.7910/DVN/VGI93T,3,4,FALSE,2015
doi:10.7910/DVN/VGLBPX,18,15,FALSE,2024
doi:10.7910/DVN/VGWNP9,18,19,TRUE,2019
doi:10.7910/DVN/VHNPUO,7,8,FALSE,2021
doi:10.7910/DVN/VINNTX,6,7,FALSE,2023
doi:10.7910/DVN/VIXZD1,9,10,FALSE,2020
doi:10.7910/DVN/VJUOOV,3,4,FALSE,2020
doi:10.7910/DVN/VKOMCK,30,24,TRUE,2019
doi:10.7910/DVN/VLXRIK,2,4,FALSE,2020
doi:10.7910/DVN/VOF11U,33,28,FALSE,2016
doi:10.7910/DVN/VOO3TD,12,13,FALSE,2022
doi:10.7910/DVN/VPPEAW,3,4,FALSE,2023
doi:10.7910/DVN/VR12G4,14,12,FALSE,2015
doi:10.7910/DVN/VRMH3I,4,4,FALSE,2018
doi:10.7910/DVN/VS3CG6,2,3,FALSE,2017
doi:10.7910/DVN/VSQUJG,1,2,FALSE,2022
doi:10.7910/DVN/VSXTFS,4,4,FALSE,2018
doi:10.7910/DVN/VVV3AN,1,2,FALSE,2020
doi:10.7910/DVN/VW1GDD,31,26,FALSE,2021
doi:10.7910/DVN/VWFKDG,12,14,FALSE,2020
doi:10.7910/DVN/VWWAHK,3,4,FALSE,2021
doi:10.7910/DVN/VWZZLO,14,17,FALSE,2017
doi:10.7910/DVN/VX5N1V,8,12,FALSE,2023
doi:10.7910/DVN/VXQUBN,14,8,FALSE,2018
doi:10.7910/DVN/VY4FMR,3,3,FALSE,2024
doi:10.7910/DVN/VYVNFR,2,4,FALSE,2022
doi:10.7910/DVN/W08NIR,9,8,FALSE,2020
doi:10.7910/DVN/W1YJZQ,13,15,FALSE,2015
doi:10.7910/DVN/W2HZSO,5,6,FALSE,2016
doi:10.7910/DVN/W5GQNZ,16,11,FALSE,2021
doi:10.7910/DVN/W8HUKY,1,2,FALSE,2019
doi:10.7910/DVN/W8PHXM,13,15,FALSE,2022
doi:10.7910/DVN/WB0RNW,6,7,FALSE,2019
doi:10.7910/DVN/WBBAE3,5,6,FALSE,2015
doi:10.7910/DVN/WCH6ZH,8,6,FALSE,2015
doi:10.7910/DVN/WCLV9B,11,7,FALSE,2021
doi:10.7910/DVN/WDRHTS,7,7,FALSE,2017
doi:10.7910/DVN/WFELNG,11,12,FALSE,2021
doi:10.7910/DVN/WFVMKD,9,9,FALSE,2015
doi:10.7910/DVN/WG8VCK,12,13,FALSE,2019
doi:10.7910/DVN/WGPHFT,6,7,FALSE,2022
doi:10.7910/DVN/WGT8QV,16,17,TRUE,2024
doi:10.7910/DVN/WGWMAV,2,4,FALSE,2018
doi:10.7910/DVN/WJINZP,7,8,FALSE,2022
doi:10.7910/DVN/WK0DA7,20,13,TRUE,2020
doi:10.7910/DVN/WKIJST,5,7,TRUE,2018
doi:10.7910/DVN/WKJJ3Z,28,8,FALSE,2018
doi:10.7910/DVN/WM0XNF,3,5,FALSE,2017
doi:10.7910/DVN/WMAPGB,5,5,FALSE,2024
doi:10.7910/DVN/WMPXIW,12,8,FALSE,2022
doi:10.7910/DVN/WNMLPA,2,3,FALSE,2018
doi:10.7910/DVN/WOI8EU,4,5,FALSE,2016
doi:10.7910/DVN/WPKTKJ,7,7,FALSE,2016
doi:10.7910/DVN/WPVSMH,1,2,FALSE,2018
doi:10.7910/DVN/WQ1R5X,12,13,FALSE,2021
doi:10.7910/DVN/WQEQPN,39,35,FALSE,2021
doi:10.7910/DVN/WR97GH,5,6,FALSE,2020
doi:10.7910/DVN/WSJX0X,1,2,FALSE,2016
doi:10.7910/DVN/WTS3ML,45,43,TRUE,2022
doi:10.7910/DVN/WVBZNE,1,2,FALSE,2019
doi:10.7910/DVN/WVQ10L,1,2,FALSE,2015
doi:10.7910/DVN/WX6ZPC,15,18,FALSE,2019
doi:10.7910/DVN/WYA1S2,3,4,FALSE,2018
doi:10.7910/DVN/WYUGQ9,3,4,FALSE,2024
doi:10.7910/DVN/WZI945,26,17,FALSE,2021
doi:10.7910/DVN/X0ZPH4,4,4,TRUE,2017
doi:10.7910/DVN/X2VJJX,18,21,FALSE,2020
doi:10.7910/DVN/X4Y2FL,1,2,FALSE,2023
doi:10.7910/DVN/X5ALUA,2,3,FALSE,2021
doi:10.7910/DVN/X5RBRB,9,9,FALSE,2021
doi:10.7910/DVN/X88LYH,7,8,FALSE,2016
doi:10.7910/DVN/X8ZRVO,32,22,TRUE,2018
doi:10.7910/DVN/X9STDF,10,10,FALSE,2024
doi:10.7910/DVN/XA5DRD,2,3,FALSE,2012
doi:10.7910/DVN/XAQMIA,3,4,FALSE,2018
doi:10.7910/DVN/XBBOHV,2,3,FALSE,2016
doi:10.7910/DVN/XERHRF,10,9,FALSE,2023
doi:10.7910/DVN/XF1157,10,12,FALSE,2018
doi:10.7910/DVN/XF2YFQ,1,2,TRUE,2021
doi:10.7910/DVN/XG6QQX,2,3,FALSE,2015
doi:10.7910/DVN/XGXEN6,6,10,TRUE,2022
doi:10.7910/DVN/XHBJLO,7,8,FALSE,2018
doi:10.7910/DVN/XHNAFO,9,10,FALSE,2021
doi:10.7910/DVN/XI7ENB,1,2,FALSE,2020
doi:10.7910/DVN/XKC4R4,9,8,FALSE,2017
doi:10.7910/DVN/XKMNAO,2,3,FALSE,2019
doi:10.7910/DVN/XMHS0J,4,4,FALSE,2023
doi:10.7910/DVN/XMKPSQ,11,8,FALSE,2021
doi:10.7910/DVN/XMUSDC,2,3,FALSE,2020
doi:10.7910/DVN/XN2TZL,7,8,FALSE,2018
doi:10.7910/DVN/XNHHDO,23,21,TRUE,2017
doi:10.7910/DVN/XOCNK1,30,36,FALSE,2021
doi:10.7910/DVN/XOERIO,2,4,FALSE,2017
doi:10.7910/DVN/XPTMGF,22,23,FALSE,2024
doi:10.7910/DVN/XQ9RJT,34,15,FALSE,2018
doi:10.7910/DVN/XRJ43D,12,11,FALSE,2017
doi:10.7910/DVN/XS1SDX,4,7,FALSE,2013
doi:10.7910/DVN/XSCFX5,10,11,FALSE,2015
doi:10.7910/DVN/XSMCY5,13,13,FALSE,2020
doi:10.7910/DVN/XTIHGR,7,8,FALSE,2018
doi:10.7910/DVN/XTQJEN,1,2,FALSE,2015
doi:10.7910/DVN/XTRWKG,3,3,FALSE,2020
doi:10.7910/DVN/XTWZZX,10,7,FALSE,2021
doi:10.7910/DVN/XU8ZWB,14,10,FALSE,2018
doi:10.7910/DVN/XWAREK,2,3,FALSE,2017
doi:10.7910/DVN/XWBDPQ,21,19,FALSE,2024
doi:10.7910/DVN/XYUWYJ,37,39,FALSE,2018
doi:10.7910/DVN/Y0LFRY,14,13,FALSE,2024
doi:10.7910/DVN/Y10EQV,4,4,FALSE,2021
doi:10.7910/DVN/Y1EUAY,19,18,FALSE,2018
doi:10.7910/DVN/Y3XHB6,22,12,FALSE,2019
doi:10.7910/DVN/Y6I5ZI,13,13,FALSE,2012
doi:10.7910/DVN/Y6RYUY,9,7,FALSE,2017
doi:10.7910/DVN/Y82RW8,27,24,FALSE,2019
doi:10.7910/DVN/YABNFF,1,2,FALSE,2021
doi:10.7910/DVN/YAGHTA,4,5,FALSE,2018
doi:10.7910/DVN/YCDJNT,14,15,FALSE,2023
doi:10.7910/DVN/YCQCWJ,2,3,FALSE,2018
doi:10.7910/DVN/YDBMNI,26,20,FALSE,2020
doi:10.7910/DVN/YDLYLE,16,17,FALSE,2022
doi:10.7910/DVN/YE8VC9,5,9,FALSE,2021
doi:10.7910/DVN/YEEWVX,7,10,FALSE,2021
doi:10.7910/DVN/YFPQJH,1,2,FALSE,2021
doi:10.7910/DVN/YGTFBW,3,3,FALSE,2022
doi:10.7910/DVN/YILXB4,18,19,FALSE,2021
doi:10.7910/DVN/YLUNSN,5,7,FALSE,2022
doi:10.7910/DVN/YMLR66,6,10,FALSE,2024
doi:10.7910/DVN/YMMSIC,44,50,FALSE,2016
doi:10.7910/DVN/YNOR7Q,2,3,FALSE,2016
doi:10.7910/DVN/YOBUVS,6,7,FALSE,2021
doi:10.7910/DVN/YQSBOA,2,4,FALSE,2020
doi:10.7910/DVN/YRJ6E3,3,5,FALSE,2021
doi:10.7910/DVN/YSS19O,2,4,FALSE,2020
doi:10.7910/DVN/YWZBUJ,14,13,FALSE,2018
doi:10.7910/DVN/YYTXOB,14,9,FALSE,2023
doi:10.7910/DVN/YZGMQJ,4,5,FALSE,2024
doi:10.7910/DVN/YZHHPX,5,4,FALSE,2021
doi:10.7910/DVN/YZQTAH,12,8,FALSE,2015
doi:10.7910/DVN/Z0IGLS,2,3,FALSE,2024
doi:10.7910/DVN/Z5BTCQ,32,23,FALSE,2020
doi:10.7910/DVN/ZB9RB1,20,7,FALSE,2024
doi:10.7910/DVN/ZCEQPS,2,3,FALSE,2021
doi:10.7910/DVN/ZEDEAD,16,8,FALSE,2021
doi:10.7910/DVN/ZEKFG7,5,6,FALSE,2020
doi:10.7910/DVN/ZFLG25,30,22,TRUE,2016
doi:10.7910/DVN/ZFOTRO,1,2,FALSE,2022
doi:10.7910/DVN/ZHOL6Y,4,4,FALSE,2021
doi:10.7910/DVN/ZK7QPH,11,7,FALSE,2019
doi:10.7910/DVN/ZLAJP6,36,37,FALSE,2021
doi:10.7910/DVN/ZLHYSZ,1,2,FALSE,2021
doi:10.7910/DVN/ZRZGTT,12,8,FALSE,2019
doi:10.7910/DVN/ZSB0BL,8,9,FALSE,2018
doi:10.7910/DVN/ZSEWM4,4,5,FALSE,2024
doi:10.7910/DVN/ZSJA25,30,11,TRUE,2018
doi:10.7910/DVN/ZSTE1X,8,9,FALSE,2017
doi:10.7910/DVN/ZTDHVE,24,28,FALSE,2021
doi:10.7910/DVN/ZUH3UG,2,3,FALSE,2019
doi:10.7910/DVN/ZUMTTN,3,4,FALSE,2017
doi:10.7910/DVN/ZWKCPA,1,2,FALSE,2020
doi:10.7910/DVN/ZYRC8S,4,5,FALSE,2018
