dataset_doi,llm_fig1
doi:10.7910/DVN/00CIUU,TRUE
doi:10.7910/DVN/01HXNF,TRUE
doi:10.7910/DVN/01LN9W,FALSE
doi:10.7910/DVN/03CDTK,TRUE
doi:10.7910/DVN/03MTMJ,FALSE
doi:10.7910/DVN/06ITCK,TRUE
doi:10.7910/DVN/082VIU,FALSE
doi:10.7910/DVN/0BSMHG,FALSE
doi:10.7910/DVN/0DCWT7,TRUE
doi:10.7910/DVN/0DLNBL,TRUE
doi:10.7910/DVN/0E9KON,FALSE
doi:10.7910/DVN/0EIQXL,TRUE
doi:10.7910/DVN/0MOPI4,FALSE
doi:10.7910/DVN/0MXT0H,TRUE
doi:10.7910/DVN/0ONBF6,TRUE
doi:10.7910/DVN/0PY9EA,FALSE
doi:10.7910/DVN/0QOVCH,TRUE
doi:10.7910/DVN/0UTWWV,TRUE
doi:10.7910/DVN/0XEUCP,FALSE
doi:10.7910/DVN/0XS5NX,TRUE
doi:10.7910/DVN/0Y1E2B,FALSE
doi:10.7910/DVN/0Y8IKW,TRUE
doi:10.7910/DVN/0YHJRG,TRUE
doi:10.7910/DVN/10VFQX,FALSE
doi:10.7910/DVN/14RSGX,TRUE
doi:10.7910/DVN/16VWOB,FALSE
doi:10.7910/DVN/18EH2Y,TRUE
doi:10.7910/DVN/18XSG8,TRUE
doi:10.7910/DVN/193ZDD,TRUE
doi:10.7910/DVN/19FLXV,TRUE
doi:10.7910/DVN/19FSQZ,FALSE
doi:10.7910/DVN/1CKNTW,FALSE
doi:10.7910/DVN/1CNMHF,TRUE
doi:10.7910/DVN/1E8HF3,TRUE
doi:10.7910/DVN/1GLFE1,FALSE
doi:10.7910/DVN/1HNIFT,TRUE
doi:10.7910/DVN/1HOVTU,TRUE
doi:10.7910/DVN/1L325J,TRUE
doi:10.7910/DVN/1OPRYA,TRUE
doi:10.7910/DVN/1QZ0JZ,FALSE
doi:10.7910/DVN/1SQ68U,TRUE
doi:10.7910/DVN/1SU7J4,TRUE
doi:10.7910/DVN/1U5WZT,TRUE
doi:10.7910/DVN/1UZGWL,FALSE
doi:10.7910/DVN/1Y2DLT,TRUE
doi:10.7910/DVN/1YK9ON,FALSE
doi:10.7910/DVN/1ZOEEX,FALSE
doi:10.7910/DVN/22976,FALSE
doi:10.7910/DVN/23063,TRUE
doi:10.7910/DVN/23302,TRUE
doi:10.7910/DVN/23402,TRUE
doi:10.7910/DVN/23818,TRUE
doi:10.7910/DVN/23851,FALSE
doi:10.7910/DVN/23958,FALSE
doi:10.7910/DVN/23972,FALSE
doi:10.7910/DVN/24128,FALSE
doi:10.7910/DVN/24220,TRUE
doi:10.7910/DVN/24387,TRUE
doi:10.7910/DVN/24506,FALSE
doi:10.7910/DVN/24591,TRUE
doi:10.7910/DVN/24714,FALSE
doi:10.7910/DVN/24789,FALSE
doi:10.7910/DVN/24800,TRUE
doi:10.7910/DVN/24827,FALSE
doi:10.7910/DVN/24859,TRUE
doi:10.7910/DVN/24937,FALSE
doi:10.7910/DVN/24975,TRUE
doi:10.7910/DVN/25302,FALSE
doi:10.7910/DVN/25423,TRUE
doi:10.7910/DVN/25505,TRUE
doi:10.7910/DVN/25531,TRUE
doi:10.7910/DVN/25540,FALSE
doi:10.7910/DVN/25615,TRUE
doi:10.7910/DVN/25707,FALSE
doi:10.7910/DVN/26457,FALSE
doi:10.7910/DVN/26461,TRUE
doi:10.7910/DVN/26522,TRUE
doi:10.7910/DVN/26544,TRUE
doi:10.7910/DVN/26570,TRUE
doi:10.7910/DVN/26584,TRUE
doi:10.7910/DVN/26586,TRUE
doi:10.7910/DVN/26612,FALSE
doi:10.7910/DVN/26642,FALSE
doi:10.7910/DVN/26714,TRUE
doi:10.7910/DVN/26721,TRUE
doi:10.7910/DVN/26936,TRUE
doi:10.7910/DVN/26937,FALSE
doi:10.7910/DVN/26P4MC,TRUE
doi:10.7910/DVN/27113,FALSE
doi:10.7910/DVN/27176,FALSE
doi:10.7910/DVN/27192,TRUE
doi:10.7910/DVN/27217,TRUE
doi:10.7910/DVN/27293,FALSE
doi:10.7910/DVN/27371,FALSE
doi:10.7910/DVN/27512,TRUE
doi:10.7910/DVN/27597,FALSE
doi:10.7910/DVN/27624,TRUE
doi:10.7910/DVN/27631,TRUE
doi:10.7910/DVN/27662,TRUE
doi:10.7910/DVN/27672,FALSE
doi:10.7910/DVN/28158,TRUE
doi:10.7910/DVN/28582,FALSE
doi:10.7910/DVN/28640,FALSE
doi:10.7910/DVN/28750,FALSE
doi:10.7910/DVN/28856,FALSE
doi:10.7910/DVN/28870,TRUE
doi:10.7910/DVN/28929,FALSE
doi:10.7910/DVN/28930,FALSE
doi:10.7910/DVN/29026,TRUE
doi:10.7910/DVN/29040,TRUE
doi:10.7910/DVN/29076,FALSE
doi:10.7910/DVN/29080,TRUE
doi:10.7910/DVN/29095,TRUE
doi:10.7910/DVN/29098,FALSE
doi:10.7910/DVN/29101,FALSE
doi:10.7910/DVN/29108,TRUE
doi:10.7910/DVN/29117,TRUE
doi:10.7910/DVN/29129,FALSE
doi:10.7910/DVN/29179,FALSE
doi:10.7910/DVN/29205,TRUE
doi:10.7910/DVN/29242,TRUE
doi:10.7910/DVN/29286,TRUE
doi:10.7910/DVN/29314,TRUE
doi:10.7910/DVN/29375,TRUE
doi:10.7910/DVN/29379,TRUE
doi:10.7910/DVN/29405,FALSE
doi:10.7910/DVN/29427,TRUE
doi:10.7910/DVN/29487,TRUE
doi:10.7910/DVN/29566,TRUE
doi:10.7910/DVN/29591,FALSE
doi:10.7910/DVN/29743,FALSE
doi:10.7910/DVN/29911,FALSE
doi:10.7910/DVN/2CITBJ,FALSE
doi:10.7910/DVN/2CLJPA,TRUE
doi:10.7910/DVN/2CS1VF,TRUE
doi:10.7910/DVN/2CVG5E,TRUE
doi:10.7910/DVN/2DCQZV,TRUE
doi:10.7910/DVN/2E2M9Z,TRUE
doi:10.7910/DVN/2E4MOZ,TRUE
doi:10.7910/DVN/2IFZR9,FALSE
doi:10.7910/DVN/2IVKXD,FALSE
doi:10.7910/DVN/2JKWNS,TRUE
doi:10.7910/DVN/2JVEEE,FALSE
doi:10.7910/DVN/2KAQO1,FALSE
doi:10.7910/DVN/2LH0BZ,TRUE
doi:10.7910/DVN/2O7CN0,TRUE
doi:10.7910/DVN/2OFTAW,TRUE
doi:10.7910/DVN/2THQJN,FALSE
doi:10.7910/DVN/2UFPMP,TRUE
doi:10.7910/DVN/2UUQ25,TRUE
doi:10.7910/DVN/2VF2J0,TRUE
doi:10.7910/DVN/2VHCON,TRUE
doi:10.7910/DVN/2WRQWZ,TRUE
doi:10.7910/DVN/2XO7HR,TRUE
doi:10.7910/DVN/2XP8YF,FALSE
doi:10.7910/DVN/2YA2VU,TRUE
doi:10.7910/DVN/2YQX37,FALSE
doi:10.7910/DVN/33K3EF,TRUE
doi:10.7910/DVN/361LGD,TRUE
doi:10.7910/DVN/383K6K,FALSE
doi:10.7910/DVN/38BFML,TRUE
doi:10.7910/DVN/3ADWK8,TRUE
doi:10.7910/DVN/3AOBP2,TRUE
doi:10.7910/DVN/3DK6JA,TRUE
doi:10.7910/DVN/3DRQOB,TRUE
doi:10.7910/DVN/3DVZYY,TRUE
doi:10.7910/DVN/3E7JXB,FALSE
doi:10.7910/DVN/3EKRSI,FALSE
doi:10.7910/DVN/3EONKV,FALSE
doi:10.7910/DVN/3FGLKN,TRUE
doi:10.7910/DVN/3FNP7Q,TRUE
doi:10.7910/DVN/3GZMQW,FALSE
doi:10.7910/DVN/3KOQWQ,TRUE
doi:10.7910/DVN/3M9OD8,FALSE
doi:10.7910/DVN/3QNR8Q,FALSE
doi:10.7910/DVN/3RA7YG,FALSE
doi:10.7910/DVN/3RNFFH,FALSE
doi:10.7910/DVN/3RR5RJ,FALSE
doi:10.7910/DVN/3RWCPB,TRUE
doi:10.7910/DVN/3TTQL2,TRUE
doi:10.7910/DVN/3TZAEB,FALSE
doi:10.7910/DVN/3VFVS7,FALSE
doi:10.7910/DVN/4DUB7X,TRUE
doi:10.7910/DVN/4EZPKF,TRUE
doi:10.7910/DVN/4FCVUR,TRUE
doi:10.7910/DVN/4G2DBT,TRUE
doi:10.7910/DVN/4KFU8S,FALSE
doi:10.7910/DVN/4LWC1R,FALSE
doi:10.7910/DVN/4LZXTY,FALSE
doi:10.7910/DVN/4M0HEN,TRUE
doi:10.7910/DVN/4MOTFS,FALSE
doi:10.7910/DVN/4MZQYH,FALSE
doi:10.7910/DVN/4NEPI7,TRUE
doi:10.7910/DVN/4P2JA3,FALSE
doi:10.7910/DVN/4QQHW7,TRUE
doi:10.7910/DVN/4QRUPR,TRUE
doi:10.7910/DVN/4RQWXW,FALSE
doi:10.7910/DVN/4T7Q6U,TRUE
doi:10.7910/DVN/4UOQUR,TRUE
doi:10.7910/DVN/4VCBQB,TRUE
doi:10.7910/DVN/4VHZWW,TRUE
doi:10.7910/DVN/4WNEE9,TRUE
doi:10.7910/DVN/4XI0UG,TRUE
doi:10.7910/DVN/4ZTDMU,FALSE
doi:10.7910/DVN/56EZPS,FALSE
doi:10.7910/DVN/57QESD,TRUE
doi:10.7910/DVN/5AN3RU,TRUE
doi:10.7910/DVN/5CNOTD,TRUE
doi:10.7910/DVN/5CVUVU,FALSE
doi:10.7910/DVN/5CYWWF,TRUE
doi:10.7910/DVN/5DHMYI,FALSE
doi:10.7910/DVN/5E3D0F,TRUE
doi:10.7910/DVN/5GP5SI,TRUE
doi:10.7910/DVN/5H1HFF,TRUE
doi:10.7910/DVN/5HEB4I,TRUE
doi:10.7910/DVN/5HXT8K,FALSE
doi:10.7910/DVN/5JLGEL,TRUE
doi:10.7910/DVN/5K89TG,TRUE
doi:10.7910/DVN/5KC1FM,TRUE
doi:10.7910/DVN/5M10KG,FALSE
doi:10.7910/DVN/5MAQC2,FALSE
doi:10.7910/DVN/5O3EOW,FALSE
doi:10.7910/DVN/5OUHOW,TRUE
doi:10.7910/DVN/5PEQSS,TRUE
doi:10.7910/DVN/5QBS9A,TRUE
doi:10.7910/DVN/5S1HRF,TRUE
doi:10.7910/DVN/5TWA0G,FALSE
doi:10.7910/DVN/5UEEU2,FALSE
doi:10.7910/DVN/5UMCKK,TRUE
doi:10.7910/DVN/5XG84N,TRUE
doi:10.7910/DVN/61JJI3,FALSE
doi:10.7910/DVN/61JSZQ,TRUE
doi:10.7910/DVN/64HPWB,TRUE
doi:10.7910/DVN/66XBA5,FALSE
doi:10.7910/DVN/6A2J2T,FALSE
doi:10.7910/DVN/6AAGM9,FALSE
doi:10.7910/DVN/6EBCGA,FALSE
doi:10.7910/DVN/6FHV5B,FALSE
doi:10.7910/DVN/6IO5ET,TRUE
doi:10.7910/DVN/6IOACK,FALSE
doi:10.7910/DVN/6IRAEM,TRUE
doi:10.7910/DVN/6KPFOK,TRUE
doi:10.7910/DVN/6N2PN4,FALSE
doi:10.7910/DVN/6NDYHC,FALSE
doi:10.7910/DVN/6OKNOY,TRUE
doi:10.7910/DVN/6RL6ID,TRUE
doi:10.7910/DVN/6SRI9K,TRUE
doi:10.7910/DVN/6TFUSP,TRUE
doi:10.7910/DVN/6VJ2WK,TRUE
doi:10.7910/DVN/6WBQ7U,FALSE
doi:10.7910/DVN/6XGUWQ,FALSE
doi:10.7910/DVN/6YNZTE,TRUE
doi:10.7910/DVN/70UDEG,TRUE
doi:10.7910/DVN/7190MT,TRUE
doi:10.7910/DVN/74QEO9,TRUE
doi:10.7910/DVN/78JPNJ,TRUE
doi:10.7910/DVN/79RI4R,TRUE
doi:10.7910/DVN/7C5RYJ,TRUE
doi:10.7910/DVN/7D48YB,TRUE
doi:10.7910/DVN/7EWDRF,FALSE
doi:10.7910/DVN/7GPSCA,TRUE
doi:10.7910/DVN/7JFVQI,TRUE
doi:10.7910/DVN/7KSNCE,TRUE
doi:10.7910/DVN/7M6NIP,FALSE
doi:10.7910/DVN/7NP2XH,TRUE
doi:10.7910/DVN/7PZHF6,TRUE
doi:10.7910/DVN/7Q9ZSR,TRUE
doi:10.7910/DVN/7SYM1H,TRUE
doi:10.7910/DVN/7TEE2R,FALSE
doi:10.7910/DVN/7UBRAC,TRUE
doi:10.7910/DVN/7UOT14,TRUE
doi:10.7910/DVN/7WUTWA,TRUE
doi:10.7910/DVN/7YEK7H,FALSE
doi:10.7910/DVN/7ZVSYO,TRUE
doi:10.7910/DVN/85RL5E,TRUE
doi:10.7910/DVN/87TSER,TRUE
doi:10.7910/DVN/88FIAR,TRUE
doi:10.7910/DVN/88XL3K,TRUE
doi:10.7910/DVN/8B31FG,TRUE
doi:10.7910/DVN/8GABL3,TRUE
doi:10.7910/DVN/8GEYKS,FALSE
doi:10.7910/DVN/8GNMUY,TRUE
doi:10.7910/DVN/8HFVU8,TRUE
doi:10.7910/DVN/8I6NOT,TRUE
doi:10.7910/DVN/8JFNSN,TRUE
doi:10.7910/DVN/8JHA2X,TRUE
doi:10.7910/DVN/8JW4Q7,TRUE
doi:10.7910/DVN/8KNF3I,TRUE
doi:10.7910/DVN/8L1SHV,TRUE
doi:10.7910/DVN/8LDZFF,FALSE
doi:10.7910/DVN/8LKROK,FALSE
doi:10.7910/DVN/8LQZW9,FALSE
doi:10.7910/DVN/8LXNQK,FALSE
doi:10.7910/DVN/8MV984,TRUE
doi:10.7910/DVN/8OKVHY,TRUE
doi:10.7910/DVN/8PIIAI,TRUE
doi:10.7910/DVN/8PVW9D,FALSE
doi:10.7910/DVN/8R3LTP,FALSE
doi:10.7910/DVN/8SIOKU,TRUE
doi:10.7910/DVN/8SR1GY,FALSE
doi:10.7910/DVN/8VBGXO,TRUE
doi:10.7910/DVN/8WGX9H,FALSE
doi:10.7910/DVN/8WZ793,TRUE
doi:10.7910/DVN/8X77JA,TRUE
doi:10.7910/DVN/8XPBSA,TRUE
doi:10.7910/DVN/8XT86F,FALSE
doi:10.7910/DVN/8YPPLM,TRUE
doi:10.7910/DVN/8ZJBLI,TRUE
doi:10.7910/DVN/8ZT2ID,TRUE
doi:10.7910/DVN/8ZTQNM,TRUE
doi:10.7910/DVN/92SKA2,FALSE
doi:10.7910/DVN/93GVWI,TRUE
doi:10.7910/DVN/96H4DV,TRUE
doi:10.7910/DVN/96KNLB,TRUE
doi:10.7910/DVN/96WYRS,TRUE
doi:10.7910/DVN/97KSIK,FALSE
doi:10.7910/DVN/98WHCF,FALSE
doi:10.7910/DVN/99NXTT,FALSE
doi:10.7910/DVN/9AMKHL,TRUE
doi:10.7910/DVN/9AWUYJ,TRUE
doi:10.7910/DVN/9B8HQN,FALSE
doi:10.7910/DVN/9CEQKX,FALSE
doi:10.7910/DVN/9D1L1V,FALSE
doi:10.7910/DVN/9ERCTY,TRUE
doi:10.7910/DVN/9F0SMU,TRUE
doi:10.7910/DVN/9FUPQQ,TRUE
doi:10.7910/DVN/9GSJ6V,TRUE
doi:10.7910/DVN/9H3DFP,FALSE
doi:10.7910/DVN/9IKGYY,FALSE
doi:10.7910/DVN/9JS5AJ,TRUE
doi:10.7910/DVN/9JWDKK,TRUE
doi:10.7910/DVN/9LWQKQ,FALSE
doi:10.7910/DVN/9MQDK7,TRUE
doi:10.7910/DVN/9NYAP7,FALSE
doi:10.7910/DVN/9OK6RH,TRUE
doi:10.7910/DVN/9OOLQ7,TRUE
doi:10.7910/DVN/9PWJ3Y,FALSE
doi:10.7910/DVN/9PXU5U,TRUE
doi:10.7910/DVN/9QJVJ1,FALSE
doi:10.7910/DVN/9QSQIW,TRUE
doi:10.7910/DVN/9QUMY3,TRUE
doi:10.7910/DVN/9RTI0V,FALSE
doi:10.7910/DVN/9SF3TI,FALSE
doi:10.7910/DVN/9TCK0G,FALSE
doi:10.7910/DVN/9TPNOT,TRUE
doi:10.7910/DVN/9U6QXP,TRUE
doi:10.7910/DVN/9UXYCQ,TRUE
doi:10.7910/DVN/9WNYEU,TRUE
doi:10.7910/DVN/9XPV4I,FALSE
doi:10.7910/DVN/9ZYFBX,FALSE
doi:10.7910/DVN/9ZZOTW,TRUE
doi:10.7910/DVN/A11CD5,TRUE
doi:10.7910/DVN/A2EIZC,TRUE
doi:10.7910/DVN/A2XDZP,FALSE
doi:10.7910/DVN/A3M7PY,TRUE
doi:10.7910/DVN/A81LPK,TRUE
doi:10.7910/DVN/AARL5V,FALSE
doi:10.7910/DVN/ABX2WA,TRUE
doi:10.7910/DVN/ACRFJM,TRUE
doi:10.7910/DVN/ACYZIC,TRUE
doi:10.7910/DVN/ADE2SJ,TRUE
doi:10.7910/DVN/AEDRXN,TRUE
doi:10.7910/DVN/AFYKUH,TRUE
doi:10.7910/DVN/AGIMGY,TRUE
doi:10.7910/DVN/AH2PEI,TRUE
doi:10.7910/DVN/AHMMUA,FALSE
doi:10.7910/DVN/AHQRVR,TRUE
doi:10.7910/DVN/AI3VM8,TRUE
doi:10.7910/DVN/AIKUDN,TRUE
doi:10.7910/DVN/AIRCBB,TRUE
doi:10.7910/DVN/AJHFHU,TRUE
doi:10.7910/DVN/AJLO8J,TRUE
doi:10.7910/DVN/AJWTLI,TRUE
doi:10.7910/DVN/AK10AT,FALSE
doi:10.7910/DVN/AKGWBL,TRUE
doi:10.7910/DVN/AKI6RS,FALSE
doi:10.7910/DVN/AKMM0S,FALSE
doi:10.7910/DVN/AL1A4Q,FALSE
doi:10.7910/DVN/AL8I2B,TRUE
doi:10.7910/DVN/ALZVAW,TRUE
doi:10.7910/DVN/AM3LJF,TRUE
doi:10.7910/DVN/AMJXCB,TRUE
doi:10.7910/DVN/AMMFVZ,TRUE
doi:10.7910/DVN/AMMI3S,TRUE
doi:10.7910/DVN/AMWWZE,TRUE
doi:10.7910/DVN/AO7IYJ,TRUE
doi:10.7910/DVN/AOEUNN,FALSE
doi:10.7910/DVN/AOL6XC,FALSE
doi:10.7910/DVN/AOTVAU,FALSE
doi:10.7910/DVN/AP0DHP,TRUE
doi:10.7910/DVN/AQ2P12,TRUE
doi:10.7910/DVN/AQFTHK,FALSE
doi:10.7910/DVN/AQQ3GG,FALSE
doi:10.7910/DVN/ARIQT2,FALSE
doi:10.7910/DVN/ARMDLY,FALSE
doi:10.7910/DVN/ASDLQX,TRUE
doi:10.7910/DVN/ASLTVG,FALSE
doi:10.7910/DVN/ASUFTY,FALSE
doi:10.7910/DVN/AU1MVC,TRUE
doi:10.7910/DVN/AV3OQM,FALSE
doi:10.7910/DVN/AV8PLT,FALSE
doi:10.7910/DVN/AW6L1P,FALSE
doi:10.7910/DVN/AWSQTW,TRUE
doi:10.7910/DVN/AXVEXM,TRUE
doi:10.7910/DVN/AY32JZ,FALSE
doi:10.7910/DVN/AYBXMJ,TRUE
doi:10.7910/DVN/AYFAFF,TRUE
doi:10.7910/DVN/AYSHR4,TRUE
doi:10.7910/DVN/AZFHYN,TRUE
doi:10.7910/DVN/AZTWDW,TRUE
doi:10.7910/DVN/AZUWVA,FALSE
doi:10.7910/DVN/B1HHGV,TRUE
doi:10.7910/DVN/B3P41O,FALSE
doi:10.7910/DVN/B3UBXR,TRUE
doi:10.7910/DVN/B6ZNAI,TRUE
doi:10.7910/DVN/B8TWK2,TRUE
doi:10.7910/DVN/B8Y17J,TRUE
doi:10.7910/DVN/B9JAV0,TRUE
doi:10.7910/DVN/B9SCDJ,TRUE
doi:10.7910/DVN/B9U5BH,TRUE
doi:10.7910/DVN/BAFF8Q,TRUE
doi:10.7910/DVN/BANJL7,FALSE
doi:10.7910/DVN/BC2HEO,TRUE
doi:10.7910/DVN/BDYVK7,FALSE
doi:10.7910/DVN/BEW2ME,FALSE
doi:10.7910/DVN/BFEBHQ,TRUE
doi:10.7910/DVN/BFLPBK,FALSE
doi:10.7910/DVN/BFRJDU,TRUE
doi:10.7910/DVN/BGLGBZ,TRUE
doi:10.7910/DVN/BGSCO4,TRUE
doi:10.7910/DVN/BHKSZR,FALSE
doi:10.7910/DVN/BHVEBZ,FALSE
doi:10.7910/DVN/BIQZNT,FALSE
doi:10.7910/DVN/BLGFDU,FALSE
doi:10.7910/DVN/BLIVUP,FALSE
doi:10.7910/DVN/BLVJJH,FALSE
doi:10.7910/DVN/BLXMCY,TRUE
doi:10.7910/DVN/BN1GVD,FALSE
doi:10.7910/DVN/BNUCX4,FALSE
doi:10.7910/DVN/BOGTNU,FALSE
doi:10.7910/DVN/BOKBQQ,TRUE
doi:10.7910/DVN/BOWEJG,TRUE
doi:10.7910/DVN/BPON3K,TRUE
doi:10.7910/DVN/BQ9M2U,TRUE
doi:10.7910/DVN/BQGWYI,TRUE
doi:10.7910/DVN/BRRZSK,FALSE
doi:10.7910/DVN/BS3DF7,TRUE
doi:10.7910/DVN/BTE2BK,TRUE
doi:10.7910/DVN/BTJYHC,TRUE
doi:10.7910/DVN/BTPZFF,FALSE
doi:10.7910/DVN/BWYJKB,FALSE
doi:10.7910/DVN/BWZ3N0,TRUE
doi:10.7910/DVN/BXIRYE,TRUE
doi:10.7910/DVN/BXPKHG,FALSE
doi:10.7910/DVN/BXXWWW,FALSE
doi:10.7910/DVN/BZ9Z2D,TRUE
doi:10.7910/DVN/BZA22S,FALSE
doi:10.7910/DVN/BZZ9VF,TRUE
doi:10.7910/DVN/C139OP,TRUE
doi:10.7910/DVN/C15VOD,TRUE
doi:10.7910/DVN/C1SICS,TRUE
doi:10.7910/DVN/C1SWYV,TRUE
doi:10.7910/DVN/C2IATB,FALSE
doi:10.7910/DVN/C2LWHA,TRUE
doi:10.7910/DVN/C6XJAT,FALSE
doi:10.7910/DVN/C7A5TN,TRUE
doi:10.7910/DVN/CAEEG7,TRUE
doi:10.7910/DVN/CCKENU,FALSE
doi:10.7910/DVN/CCV1NN,TRUE
doi:10.7910/DVN/CEJSVJ,TRUE
doi:10.7910/DVN/CF44OW,FALSE
doi:10.7910/DVN/CFASH6,TRUE
doi:10.7910/DVN/CFT901,FALSE
doi:10.7910/DVN/CFTMK2,TRUE
doi:10.7910/DVN/CGHTPZ,FALSE
doi:10.7910/DVN/CGINSA,TRUE
doi:10.7910/DVN/CGXPF5,TRUE
doi:10.7910/DVN/CJMKGX,TRUE
doi:10.7910/DVN/CKLJL3,FALSE
doi:10.7910/DVN/CKXW7L,TRUE
doi:10.7910/DVN/CL0RU2,TRUE
doi:10.7910/DVN/CLGI63,TRUE
doi:10.7910/DVN/CLMQ8E,TRUE
doi:10.7910/DVN/CLYDWU,TRUE
doi:10.7910/DVN/CMOWUL,TRUE
doi:10.7910/DVN/CMUHBU,FALSE
doi:10.7910/DVN/CMUYCM,FALSE
doi:10.7910/DVN/CNNXPB,FALSE
doi:10.7910/DVN/COFHJL,FALSE
doi:10.7910/DVN/COOVRP,TRUE
doi:10.7910/DVN/COS3BS,FALSE
doi:10.7910/DVN/CPVIOF,TRUE
doi:10.7910/DVN/CQ4FZR,TRUE
doi:10.7910/DVN/CQUVCV,TRUE
doi:10.7910/DVN/CQXHTH,TRUE
doi:10.7910/DVN/CRPAA8,FALSE
doi:10.7910/DVN/CSHNIS,FALSE
doi:10.7910/DVN/CSKA4Q,TRUE
doi:10.7910/DVN/CSNTTG,FALSE
doi:10.7910/DVN/CTGKEJ,TRUE
doi:10.7910/DVN/CTQKJA,TRUE
doi:10.7910/DVN/CTZNJV,TRUE
doi:10.7910/DVN/CUR5RR,TRUE
doi:10.7910/DVN/CUWUYR,FALSE
doi:10.7910/DVN/CV8I6N,FALSE
doi:10.7910/DVN/CV9AYE,FALSE
doi:10.7910/DVN/CVBXQX,FALSE
doi:10.7910/DVN/CWQYIB,FALSE
doi:10.7910/DVN/CXJBEK,FALSE
doi:10.7910/DVN/CYFIDH,TRUE
doi:10.7910/DVN/CZDGR2,TRUE
doi:10.7910/DVN/D0LEX4,TRUE
doi:10.7910/DVN/D3VZX3,TRUE
doi:10.7910/DVN/D4IDA9,FALSE
doi:10.7910/DVN/D5DEHM,FALSE
doi:10.7910/DVN/D5VRDE,TRUE
doi:10.7910/DVN/D6CH6C,TRUE
doi:10.7910/DVN/D73LV3,FALSE
doi:10.7910/DVN/D7ZXZI,TRUE
doi:10.7910/DVN/DAGL4S,FALSE
doi:10.7910/DVN/DAR56O,TRUE
doi:10.7910/DVN/DAYSCX,TRUE
doi:10.7910/DVN/DBMJQZ,FALSE
doi:10.7910/DVN/DBNBEU,TRUE
doi:10.7910/DVN/DCOT4D,TRUE
doi:10.7910/DVN/DCTPJI,FALSE
doi:10.7910/DVN/DEDZRZ,FALSE
doi:10.7910/DVN/DESLIU,FALSE
doi:10.7910/DVN/DEX6EW,FALSE
doi:10.7910/DVN/DF4DFH,FALSE
doi:10.7910/DVN/DFGQVW,FALSE
doi:10.7910/DVN/DG2J0F,TRUE
doi:10.7910/DVN/DG6BS4,FALSE
doi:10.7910/DVN/DGHX1E,FALSE
doi:10.7910/DVN/DGXXH9,TRUE
doi:10.7910/DVN/DHMCRC,TRUE
doi:10.7910/DVN/DIU0M1,TRUE
doi:10.7910/DVN/DJ2DPZ,TRUE
doi:10.7910/DVN/DJKH4H,TRUE
doi:10.7910/DVN/DJVNZF,FALSE
doi:10.7910/DVN/DKKP4I,FALSE
doi:10.7910/DVN/DKXD2X,FALSE
doi:10.7910/DVN/DL8SZL,TRUE
doi:10.7910/DVN/DMG0XD,FALSE
doi:10.7910/DVN/DMIDY8,TRUE
doi:10.7910/DVN/DMWWS5,TRUE
doi:10.7910/DVN/DNCHBF,TRUE
doi:10.7910/DVN/DNDSPS,FALSE
doi:10.7910/DVN/DO43V5,FALSE
doi:10.7910/DVN/DPVRA5,TRUE
doi:10.7910/DVN/DQ1WFB,TRUE
doi:10.7910/DVN/DQCFUN,FALSE
doi:10.7910/DVN/DQTIR4,TRUE
doi:10.7910/DVN/DR0YF2,FALSE
doi:10.7910/DVN/DSCREK,TRUE
doi:10.7910/DVN/DSDNX6,TRUE
doi:10.7910/DVN/DTFR60,FALSE
doi:10.7910/DVN/DUB0MU,FALSE
doi:10.7910/DVN/DUW1QY,TRUE
doi:10.7910/DVN/DVP0UW,TRUE
doi:10.7910/DVN/DVRNMH,TRUE
doi:10.7910/DVN/DWOBT4,TRUE
doi:10.7910/DVN/DX5T9G,FALSE
doi:10.7910/DVN/DXGVAW,FALSE
doi:10.7910/DVN/DYCUSZ,TRUE
doi:10.7910/DVN/DZ1NFG,FALSE
doi:10.7910/DVN/DZWOCK,TRUE
doi:10.7910/DVN/E2187A,FALSE
doi:10.7910/DVN/E2OS8R,TRUE
doi:10.7910/DVN/E3BAO5,FALSE
doi:10.7910/DVN/E3FDAV,FALSE
doi:10.7910/DVN/E40AFU,FALSE
doi:10.7910/DVN/E43MOQ,TRUE
doi:10.7910/DVN/E5ZSZR,FALSE
doi:10.7910/DVN/E7OQEY,TRUE
doi:10.7910/DVN/E852VT,TRUE
doi:10.7910/DVN/E9S0VN,FALSE
doi:10.7910/DVN/E9UQ0S,TRUE
doi:10.7910/DVN/EAHO3I,TRUE
doi:10.7910/DVN/EARLA4,TRUE
doi:10.7910/DVN/EAYHSN,FALSE
doi:10.7910/DVN/EBF7XW,TRUE
doi:10.7910/DVN/EBIHBT,TRUE
doi:10.7910/DVN/ECBF7Y,TRUE
doi:10.7910/DVN/ECIZHV,TRUE
doi:10.7910/DVN/ECPIYP,FALSE
doi:10.7910/DVN/ED5O5U,FALSE
doi:10.7910/DVN/EDGRDC,FALSE
doi:10.7910/DVN/EEMRS9,TRUE
doi:10.7910/DVN/EF7R0Z,TRUE
doi:10.7910/DVN/EGUVG0,TRUE
doi:10.7910/DVN/EGXUBU,TRUE
doi:10.7910/DVN/EHH9XT,TRUE
doi:10.7910/DVN/EHWM14,FALSE
doi:10.7910/DVN/EIINMP,TRUE
doi:10.7910/DVN/EKNEIH,TRUE
doi:10.7910/DVN/EKZQSZ,TRUE
doi:10.7910/DVN/ELG3DE,TRUE
doi:10.7910/DVN/ELWP8V,TRUE
doi:10.7910/DVN/EMAJMQ,TRUE
doi:10.7910/DVN/EMIDOA,TRUE
doi:10.7910/DVN/ENVKCB,FALSE
doi:10.7910/DVN/EOIIEV,FALSE
doi:10.7910/DVN/EORLRJ,TRUE
doi:10.7910/DVN/EP7DXB,FALSE
doi:10.7910/DVN/EPDD6F,TRUE
doi:10.7910/DVN/EPEDIE,FALSE
doi:10.7910/DVN/EPT8OF,TRUE
doi:10.7910/DVN/EQQAT3,TRUE
doi:10.7910/DVN/ER3D0H,TRUE
doi:10.7910/DVN/ERXBAB,FALSE
doi:10.7910/DVN/ESR7YG,TRUE
doi:10.7910/DVN/ESRIBE,TRUE
doi:10.7910/DVN/EUISZU,TRUE
doi:10.7910/DVN/EV5BGV,TRUE
doi:10.7910/DVN/EVYI2H,TRUE
doi:10.7910/DVN/EW2GV5,TRUE
doi:10.7910/DVN/EWRXPU,TRUE
doi:10.7910/DVN/EWSQPJ,TRUE
doi:10.7910/DVN/EWW2GX,TRUE
doi:10.7910/DVN/EWXQQH,FALSE
doi:10.7910/DVN/EXKA90,TRUE
doi:10.7910/DVN/EY2I6M,TRUE
doi:10.7910/DVN/EYAWES,TRUE
doi:10.7910/DVN/EZ8XCG,TRUE
doi:10.7910/DVN/EZNXW1,TRUE
doi:10.7910/DVN/EZSJ1S,FALSE
doi:10.7910/DVN/F1VLBI,TRUE
doi:10.7910/DVN/F2JF6G,TRUE
doi:10.7910/DVN/F2LQWC,TRUE
doi:10.7910/DVN/F2OX6O,FALSE
doi:10.7910/DVN/F2RDCJ,TRUE
doi:10.7910/DVN/F3K3MA,TRUE
doi:10.7910/DVN/F4LSCN,FALSE
doi:10.7910/DVN/F6LJP8,TRUE
doi:10.7910/DVN/F6UCQT,TRUE
doi:10.7910/DVN/F8JXHR,TRUE
doi:10.7910/DVN/F8SRTA,TRUE
doi:10.7910/DVN/F9L41L,TRUE
doi:10.7910/DVN/FA8FVF,TRUE
doi:10.7910/DVN/FAA9EA,TRUE
doi:10.7910/DVN/FB3O9W,FALSE
doi:10.7910/DVN/FCZDKD,TRUE
doi:10.7910/DVN/FDLG0X,FALSE
doi:10.7910/DVN/FDML2N,TRUE
doi:10.7910/DVN/FDNWME,TRUE
doi:10.7910/DVN/FDW6CU,TRUE
doi:10.7910/DVN/FECIO3,FALSE
doi:10.7910/DVN/FEOKT6,FALSE
doi:10.7910/DVN/FEP8O2,FALSE
doi:10.7910/DVN/FERDAN,TRUE
doi:10.7910/DVN/FF3DQM,FALSE
doi:10.7910/DVN/FH74D9,FALSE
doi:10.7910/DVN/FHOJ3L,TRUE
doi:10.7910/DVN/FIKXKD,TRUE
doi:10.7910/DVN/FIL6J1,TRUE
doi:10.7910/DVN/FITPUI,TRUE
doi:10.7910/DVN/FL08PZ,FALSE
doi:10.7910/DVN/FLDXM9,TRUE
doi:10.7910/DVN/FLGPW8,FALSE
doi:10.7910/DVN/FLV8GQ,TRUE
doi:10.7910/DVN/FMJDCD,FALSE
doi:10.7910/DVN/FMOR6K,FALSE
doi:10.7910/DVN/FMX62W,TRUE
doi:10.7910/DVN/FO6OXL,TRUE
doi:10.7910/DVN/FOSH90,FALSE
doi:10.7910/DVN/FPYKTP,TRUE
doi:10.7910/DVN/FREK34,FALSE
doi:10.7910/DVN/FS90RJ,TRUE
doi:10.7910/DVN/FSOVA7,TRUE
doi:10.7910/DVN/FTFJTV,TRUE
doi:10.7910/DVN/FTYHPJ,FALSE
doi:10.7910/DVN/FUAARK,TRUE
doi:10.7910/DVN/FUCDTT,TRUE
doi:10.7910/DVN/FUFDYH,TRUE
doi:10.7910/DVN/FUSIWA,TRUE
doi:10.7910/DVN/FUSY37,TRUE
doi:10.7910/DVN/FVCGHC,TRUE
doi:10.7910/DVN/FVCGN8,TRUE
doi:10.7910/DVN/FVRZYU,TRUE
doi:10.7910/DVN/FW87Y1,TRUE
doi:10.7910/DVN/FXI5ZO,FALSE
doi:10.7910/DVN/FXRIOS,TRUE
doi:10.7910/DVN/FXVIUR,TRUE
doi:10.7910/DVN/FYVP3W,TRUE
doi:10.7910/DVN/FZI6NO,TRUE
doi:10.7910/DVN/G126SC,TRUE
doi:10.7910/DVN/G1BZ23,TRUE
doi:10.7910/DVN/G4XAGY,TRUE
doi:10.7910/DVN/G7J6QJ,TRUE
doi:10.7910/DVN/G8F3SN,FALSE
doi:10.7910/DVN/G8JVZY,FALSE
doi:10.7910/DVN/G9ITHD,FALSE
doi:10.7910/DVN/G9OKGB,TRUE
doi:10.7910/DVN/GA0X38,FALSE
doi:10.7910/DVN/GB5BFN,TRUE
doi:10.7910/DVN/GBZZXL,FALSE
doi:10.7910/DVN/GCDJ25,TRUE
doi:10.7910/DVN/GCTLYJ,FALSE
doi:10.7910/DVN/GDFJ4N,FALSE
doi:10.7910/DVN/GDZTK8,TRUE
doi:10.7910/DVN/GHHZO4,TRUE
doi:10.7910/DVN/GHJ8JL,TRUE
doi:10.7910/DVN/GHRHU7,TRUE
doi:10.7910/DVN/GHVQGB,FALSE
doi:10.7910/DVN/GHZFJM,TRUE
doi:10.7910/DVN/GIJBUU,FALSE
doi:10.7910/DVN/GIWOOO,TRUE
doi:10.7910/DVN/GJIRV0,TRUE
doi:10.7910/DVN/GK3TMY,TRUE
doi:10.7910/DVN/GKASQ5,FALSE
doi:10.7910/DVN/GKWF0N,TRUE
doi:10.7910/DVN/GL2WN8,TRUE
doi:10.7910/DVN/GLT4FX,FALSE
doi:10.7910/DVN/GM1VRQ,TRUE
doi:10.7910/DVN/GMFAUC,TRUE
doi:10.7910/DVN/GMWOY6,TRUE
doi:10.7910/DVN/GMZM4D,TRUE
doi:10.7910/DVN/GO75QE,FALSE
doi:10.7910/DVN/GODCXP,TRUE
doi:10.7910/DVN/GOLMTC,TRUE
doi:10.7910/DVN/GPRVC6,TRUE
doi:10.7910/DVN/GQ01SY,TRUE
doi:10.7910/DVN/GQOYSS,TRUE
doi:10.7910/DVN/GRHQ3W,TRUE
doi:10.7910/DVN/GRVR99,FALSE
doi:10.7910/DVN/GS838F,FALSE
doi:10.7910/DVN/GS8IFM,TRUE
doi:10.7910/DVN/GSMBFX,FALSE
doi:10.7910/DVN/GSNXV7,FALSE
doi:10.7910/DVN/GSQG1K,FALSE
doi:10.7910/DVN/GT15SC,TRUE
doi:10.7910/DVN/GT8NDD,TRUE
doi:10.7910/DVN/GTEBJA,TRUE
doi:10.7910/DVN/GTSYTZ,TRUE
doi:10.7910/DVN/GTXZ4J,TRUE
doi:10.7910/DVN/GWD4HA,FALSE
doi:10.7910/DVN/GXWHFG,TRUE
doi:10.7910/DVN/GXXUHV,TRUE
doi:10.7910/DVN/GYEAIG,FALSE
doi:10.7910/DVN/GYEGW4,TRUE
doi:10.7910/DVN/GYX7GC,TRUE
doi:10.7910/DVN/H13U6G,FALSE
doi:10.7910/DVN/H1CCWM,TRUE
doi:10.7910/DVN/H1HRYV,FALSE
doi:10.7910/DVN/H2JL7A,TRUE
doi:10.7910/DVN/H2JWXV,TRUE
doi:10.7910/DVN/H6CUHY,TRUE
doi:10.7910/DVN/H7NFJZ,TRUE
doi:10.7910/DVN/H8HM6P,TRUE
doi:10.7910/DVN/H8SIXG,FALSE
doi:10.7910/DVN/H90IVD,TRUE
doi:10.7910/DVN/HAKD7W,TRUE
doi:10.7910/DVN/HAU0EX,FALSE
doi:10.7910/DVN/HBSARA,TRUE
doi:10.7910/DVN/HD7UUU,TRUE
doi:10.7910/DVN/HDDPTB,TRUE
doi:10.7910/DVN/HDGUDZ,TRUE
doi:10.7910/DVN/HDOEPP,TRUE
doi:10.7910/DVN/HFVIYA,TRUE
doi:10.7910/DVN/HFXXEF,FALSE
doi:10.7910/DVN/HGD6CG,TRUE
doi:10.7910/DVN/HGFLGK,FALSE
doi:10.7910/DVN/HHMXU3,FALSE
doi:10.7910/DVN/HHNZGT,FALSE
doi:10.7910/DVN/HI1CUP,TRUE
doi:10.7910/DVN/HI1X4O,TRUE
doi:10.7910/DVN/HIQ4BV,TRUE
doi:10.7910/DVN/HJSQNL,TRUE
doi:10.7910/DVN/HJYBA5,TRUE
doi:10.7910/DVN/HK213D,FALSE
doi:10.7910/DVN/HKOBWC,FALSE
doi:10.7910/DVN/HL0OUD,FALSE
doi:10.7910/DVN/HMI4WY,TRUE
doi:10.7910/DVN/HNH7BX,TRUE
doi:10.7910/DVN/HNVBZG,TRUE
doi:10.7910/DVN/HOLUME,TRUE
doi:10.7910/DVN/HOMED8,TRUE
doi:10.7910/DVN/HPB1CA,TRUE
doi:10.7910/DVN/HPZWJR,TRUE
doi:10.7910/DVN/HQ1N6A,FALSE
doi:10.7910/DVN/HQKQCQ,TRUE
doi:10.7910/DVN/HQQJUK,TRUE
doi:10.7910/DVN/HRUQZJ,FALSE
doi:10.7910/DVN/HRUXYI,TRUE
doi:10.7910/DVN/HS9HW3,FALSE
doi:10.7910/DVN/HTMX3K,TRUE
doi:10.7910/DVN/HUKSID,TRUE
doi:10.7910/DVN/HULLNG,TRUE
doi:10.7910/DVN/HUYOHI,TRUE
doi:10.7910/DVN/HUZGPJ,TRUE
doi:10.7910/DVN/HVHUIP,TRUE
doi:10.7910/DVN/HWLW0J,FALSE
doi:10.7910/DVN/HWW8DP,FALSE
doi:10.7910/DVN/HX6YRD,TRUE
doi:10.7910/DVN/HXQOCI,FALSE
doi:10.7910/DVN/I0VEMG,FALSE
doi:10.7910/DVN/I1HVCJ,TRUE
doi:10.7910/DVN/I2HEVQ,FALSE
doi:10.7910/DVN/I32PHE,TRUE
doi:10.7910/DVN/I3VHZK,TRUE
doi:10.7910/DVN/I4KVD1,TRUE
doi:10.7910/DVN/I72HB0,TRUE
doi:10.7910/DVN/I8B3VS,FALSE
doi:10.7910/DVN/I9E6EX,FALSE
doi:10.7910/DVN/IANHOG,TRUE
doi:10.7910/DVN/IAPQ3X,TRUE
doi:10.7910/DVN/IBILHS,TRUE
doi:10.7910/DVN/ICBCM2,FALSE
doi:10.7910/DVN/IDI93S,TRUE
doi:10.7910/DVN/IDXWKA,TRUE
doi:10.7910/DVN/IEQVC7,TRUE
doi:10.7910/DVN/IESQYC,FALSE
doi:10.7910/DVN/IFZXQX,FALSE
doi:10.7910/DVN/IG6ICN,FALSE
doi:10.7910/DVN/IHMU6B,TRUE
doi:10.7910/DVN/IIE50D,TRUE
doi:10.7910/DVN/IIYGGX,FALSE
doi:10.7910/DVN/IJ2DW4,FALSE
doi:10.7910/DVN/IK4NUZ,TRUE
doi:10.7910/DVN/IKM2A4,TRUE
doi:10.7910/DVN/IM0FZN,TRUE
doi:10.7910/DVN/IMBQJB,TRUE
doi:10.7910/DVN/IN2E8O,TRUE
doi:10.7910/DVN/INOLBS,TRUE
doi:10.7910/DVN/INVDWM,TRUE
doi:10.7910/DVN/INXGMT,FALSE
doi:10.7910/DVN/IO89OI,TRUE
doi:10.7910/DVN/IOAMVW,FALSE
doi:10.7910/DVN/IOVCO4,FALSE
doi:10.7910/DVN/IPFOXC,FALSE
doi:10.7910/DVN/IPGCTN,TRUE
doi:10.7910/DVN/IPWGL3,TRUE
doi:10.7910/DVN/IPXFX7,TRUE
doi:10.7910/DVN/IQW9LQ,TRUE
doi:10.7910/DVN/IROJ12,TRUE
doi:10.7910/DVN/ISBPIH,FALSE
doi:10.7910/DVN/ITKNX5,TRUE
doi:10.7910/DVN/IUB62M,TRUE
doi:10.7910/DVN/IUG2C4,TRUE
doi:10.7910/DVN/IUJPYK,TRUE
doi:10.7910/DVN/IUXG2I,FALSE
doi:10.7910/DVN/IUZDQI,TRUE
doi:10.7910/DVN/IVILML,TRUE
doi:10.7910/DVN/IVPUQT,FALSE
doi:10.7910/DVN/IWTPVO,FALSE
doi:10.7910/DVN/IX1JQG,FALSE
doi:10.7910/DVN/IXTLRP,TRUE
doi:10.7910/DVN/IXWZZO,FALSE
doi:10.7910/DVN/IYC3GR,TRUE
doi:10.7910/DVN/IYN1YN,TRUE
doi:10.7910/DVN/IYZWUD,FALSE
doi:10.7910/DVN/IZC5P1,FALSE
doi:10.7910/DVN/IZWS10,TRUE
doi:10.7910/DVN/J0GBTX,TRUE
doi:10.7910/DVN/J2FA5R,FALSE
doi:10.7910/DVN/J2MNEU,FALSE
doi:10.7910/DVN/J4KRBG,TRUE
doi:10.7910/DVN/J7RTIW,TRUE
doi:10.7910/DVN/J7WOKC,TRUE
doi:10.7910/DVN/J9RCVH,TRUE
doi:10.7910/DVN/JADOZL,TRUE
doi:10.7910/DVN/JBXFCE,TRUE
doi:10.7910/DVN/JCGCT5,TRUE
doi:10.7910/DVN/JCSOB8,FALSE
doi:10.7910/DVN/JCT3F7,TRUE
doi:10.7910/DVN/JDPNNU,FALSE
doi:10.7910/DVN/JFQV7S,FALSE
doi:10.7910/DVN/JGN8KR,TRUE
doi:10.7910/DVN/JHJJW0,TRUE
doi:10.7910/DVN/JIFKOU,TRUE
doi:10.7910/DVN/JIIICD,FALSE
doi:10.7910/DVN/JIVKHE,TRUE
doi:10.7910/DVN/JK4FMH,TRUE
doi:10.7910/DVN/JM7LGF,TRUE
doi:10.7910/DVN/JMNFLR,TRUE
doi:10.7910/DVN/JNEQYJ,FALSE
doi:10.7910/DVN/JNFMNQ,FALSE
doi:10.7910/DVN/JNV3XO,TRUE
doi:10.7910/DVN/JO8C7A,TRUE
doi:10.7910/DVN/JORLQM,TRUE
doi:10.7910/DVN/JOXCZY,FALSE
doi:10.7910/DVN/JOZR5H,TRUE
doi:10.7910/DVN/JPHHJV,TRUE
doi:10.7910/DVN/JPKJSJ,TRUE
doi:10.7910/DVN/JPVEX5,TRUE
doi:10.7910/DVN/JQGLHX,TRUE
doi:10.7910/DVN/JSDUTQ,TRUE
doi:10.7910/DVN/JSQQSR,TRUE
doi:10.7910/DVN/JSR0OE,TRUE
doi:10.7910/DVN/JTGHQD,FALSE
doi:10.7910/DVN/JTKVX2,TRUE
doi:10.7910/DVN/JTV6W6,TRUE
doi:10.7910/DVN/JW5B3P,TRUE
doi:10.7910/DVN/JWCN9A,TRUE
doi:10.7910/DVN/JWJRME,TRUE
doi:10.7910/DVN/JYJLUB,TRUE
doi:10.7910/DVN/JYKL9M,FALSE
doi:10.7910/DVN/K0BFAG,TRUE
doi:10.7910/DVN/K1XN7Q,FALSE
doi:10.7910/DVN/K2CGSN,FALSE
doi:10.7910/DVN/K3P78R,FALSE
doi:10.7910/DVN/K3QWZW,TRUE
doi:10.7910/DVN/K4L5YI,TRUE
doi:10.7910/DVN/K7292I,TRUE
doi:10.7910/DVN/K7OCDX,TRUE
doi:10.7910/DVN/K8SC39,TRUE
doi:10.7910/DVN/KAHHWQ,FALSE
doi:10.7910/DVN/KAQVNP,TRUE
doi:10.7910/DVN/KBRXOR,TRUE
doi:10.7910/DVN/KC73TR,FALSE
doi:10.7910/DVN/KDOM7E,TRUE
doi:10.7910/DVN/KDSF60,TRUE
doi:10.7910/DVN/KDUMRM,TRUE
doi:10.7910/DVN/KEWQJS,TRUE
doi:10.7910/DVN/KEWY2U,FALSE
doi:10.7910/DVN/KFQOCV,FALSE
doi:10.7910/DVN/KFSNWU,TRUE
doi:10.7910/DVN/KG2APR,TRUE
doi:10.7910/DVN/KGHEU4,TRUE
doi:10.7910/DVN/KGK9QO,TRUE
doi:10.7910/DVN/KGOUYI,TRUE
doi:10.7910/DVN/KGRITG,TRUE
doi:10.7910/DVN/KGVBNC,FALSE
doi:10.7910/DVN/KGZGLT,FALSE
doi:10.7910/DVN/KH9N7W,FALSE
doi:10.7910/DVN/KJ6X76,FALSE
doi:10.7910/DVN/KJWKLR,TRUE
doi:10.7910/DVN/KKEVEA,TRUE
doi:10.7910/DVN/KKQFKA,FALSE
doi:10.7910/DVN/KKS1R0,TRUE
doi:10.7910/DVN/KKTXVB,FALSE
doi:10.7910/DVN/KL36TP,FALSE
doi:10.7910/DVN/KL7J6Z,TRUE
doi:10.7910/DVN/KNFPV6,FALSE
doi:10.7910/DVN/KPCLFQ,TRUE
doi:10.7910/DVN/KPJUFL,TRUE
doi:10.7910/DVN/KPS1KY,FALSE
doi:10.7910/DVN/KQJKY0,FALSE
doi:10.7910/DVN/KQU3RR,TRUE
doi:10.7910/DVN/KRIR6G,FALSE
doi:10.7910/DVN/KRN6TB,TRUE
doi:10.7910/DVN/KRNGAS,TRUE
doi:10.7910/DVN/KSWI03,TRUE
doi:10.7910/DVN/KTCXTE,FALSE
doi:10.7910/DVN/KU4OCK,FALSE
doi:10.7910/DVN/KUWA5X,FALSE
doi:10.7910/DVN/KVIJSY,TRUE
doi:10.7910/DVN/KVPF3F,TRUE
doi:10.7910/DVN/KWPEKK,FALSE
doi:10.7910/DVN/KXDRXB,FALSE
doi:10.7910/DVN/KXIN0A,TRUE
doi:10.7910/DVN/KYI9AR,FALSE
doi:10.7910/DVN/L17KS1,FALSE
doi:10.7910/DVN/L4IOHC,TRUE
doi:10.7910/DVN/L6WBON,TRUE
doi:10.7910/DVN/L8YLCJ,TRUE
doi:10.7910/DVN/LAKKDP,FALSE
doi:10.7910/DVN/LAVHXW,FALSE
doi:10.7910/DVN/LBAV1Q,TRUE
doi:10.7910/DVN/LBMRFX,FALSE
doi:10.7910/DVN/LCCOH6,TRUE
doi:10.7910/DVN/LCDBRU,FALSE
doi:10.7910/DVN/LCWR7G,FALSE
doi:10.7910/DVN/LD6NL8,TRUE
doi:10.7910/DVN/LDRTZI,TRUE
doi:10.7910/DVN/LEKKGT,TRUE
doi:10.7910/DVN/LEV1RR,TRUE
doi:10.7910/DVN/LFLCMA,TRUE
doi:10.7910/DVN/LFQZVU,TRUE
doi:10.7910/DVN/LGDIZD,TRUE
doi:10.7910/DVN/LHOTOK,TRUE
doi:10.7910/DVN/LHTRWM,TRUE
doi:10.7910/DVN/LHWSBT,TRUE
doi:10.7910/DVN/LIIUJK,TRUE
doi:10.7910/DVN/LIJSWE,TRUE
doi:10.7910/DVN/LIXQUW,FALSE
doi:10.7910/DVN/LJPHFR,FALSE
doi:10.7910/DVN/LJVBT6,TRUE
doi:10.7910/DVN/LKE1WQ,TRUE
doi:10.7910/DVN/LKRKQJ,FALSE
doi:10.7910/DVN/LLPKNG,FALSE
doi:10.7910/DVN/LLQ5ZL,TRUE
doi:10.7910/DVN/LNPAOC,TRUE
doi:10.7910/DVN/LNUYXZ,FALSE
doi:10.7910/DVN/LOBXKJ,FALSE
doi:10.7910/DVN/LP1SQY,FALSE
doi:10.7910/DVN/LTPPVH,TRUE
doi:10.7910/DVN/LUBZFJ,TRUE
doi:10.7910/DVN/LUXWMV,FALSE
doi:10.7910/DVN/LVHIYG,TRUE
doi:10.7910/DVN/LVOSAF,FALSE
doi:10.7910/DVN/LXFYVH,FALSE
doi:10.7910/DVN/LXIBYP,FALSE
doi:10.7910/DVN/LXYVSA,TRUE
doi:10.7910/DVN/LZGQOH,TRUE
doi:10.7910/DVN/LZV8LU,TRUE
doi:10.7910/DVN/M046SB,TRUE
doi:10.7910/DVN/M06IRS,FALSE
doi:10.7910/DVN/M0LB5V,TRUE
doi:10.7910/DVN/M2E5OI,FALSE
doi:10.7910/DVN/M2QGOZ,TRUE
doi:10.7910/DVN/M3O9O6,TRUE
doi:10.7910/DVN/M402TU,TRUE
doi:10.7910/DVN/M89XMZ,TRUE
doi:10.7910/DVN/M9LGXX,TRUE
doi:10.7910/DVN/M9VJAV,TRUE
doi:10.7910/DVN/MB2UKU,TRUE
doi:10.7910/DVN/MB8FGY,FALSE
doi:10.7910/DVN/MBMU7F,FALSE
doi:10.7910/DVN/MCEFXL,TRUE
doi:10.7910/DVN/MDDS0T,TRUE
doi:10.7910/DVN/MDUHGS,TRUE
doi:10.7910/DVN/MEIMWN,TRUE
doi:10.7910/DVN/MFFV3C,TRUE
doi:10.7910/DVN/MGQMTX,FALSE
doi:10.7910/DVN/MIOVA9,TRUE
doi:10.7910/DVN/MIXK94,TRUE
doi:10.7910/DVN/MJSMJB,FALSE
doi:10.7910/DVN/MK5PXM,FALSE
doi:10.7910/DVN/MKW8CS,TRUE
doi:10.7910/DVN/MKWIHN,TRUE
doi:10.7910/DVN/MLH2FY,TRUE
doi:10.7910/DVN/MLJQQN,TRUE
doi:10.7910/DVN/MLTZIE,TRUE
doi:10.7910/DVN/MLZ39X,TRUE
doi:10.7910/DVN/MM2VWC,FALSE
doi:10.7910/DVN/MME5SS,FALSE
doi:10.7910/DVN/MMYAOY,TRUE
doi:10.7910/DVN/MO3KOQ,TRUE
doi:10.7910/DVN/MOL5B3,FALSE
doi:10.7910/DVN/MOTRM2,TRUE
doi:10.7910/DVN/MP1NSJ,TRUE
doi:10.7910/DVN/MPBGXL,TRUE
doi:10.7910/DVN/MPJ50I,TRUE
doi:10.7910/DVN/MPQQC0,FALSE
doi:10.7910/DVN/MPTSQR,FALSE
doi:10.7910/DVN/MQRHUZ,TRUE
doi:10.7910/DVN/MQVUUD,TRUE
doi:10.7910/DVN/MRCC5Z,FALSE
doi:10.7910/DVN/MS6ZTZ,FALSE
doi:10.7910/DVN/MSTR3F,FALSE
doi:10.7910/DVN/MTQEE1,TRUE
doi:10.7910/DVN/MURIT2,TRUE
doi:10.7910/DVN/MUSFYH,TRUE
doi:10.7910/DVN/MVD5VP,TRUE
doi:10.7910/DVN/MVDWCS,TRUE
doi:10.7910/DVN/MVN4DP,TRUE
doi:10.7910/DVN/MWBXDN,TRUE
doi:10.7910/DVN/MWNBXO,TRUE
doi:10.7910/DVN/MWS8QF,FALSE
doi:10.7910/DVN/MYDZNF,FALSE
doi:10.7910/DVN/MYF97D,FALSE
doi:10.7910/DVN/MYM5OB,TRUE
doi:10.7910/DVN/MZIKCS,TRUE
doi:10.7910/DVN/MZKJDR,FALSE
doi:10.7910/DVN/N01LDH,FALSE
doi:10.7910/DVN/N1JX6Y,FALSE
doi:10.7910/DVN/N2XICI,TRUE
doi:10.7910/DVN/N4RK1D,TRUE
doi:10.7910/DVN/N6LIMH,TRUE
doi:10.7910/DVN/N71MOK,FALSE
doi:10.7910/DVN/NAMZXJ,TRUE
doi:10.7910/DVN/NBIKED,FALSE
doi:10.7910/DVN/NBMH7M,FALSE
doi:10.7910/DVN/NC06GQ,FALSE
doi:10.7910/DVN/NC28F3,TRUE
doi:10.7910/DVN/NCUSPZ,TRUE
doi:10.7910/DVN/NDHKSG,FALSE
doi:10.7910/DVN/NDHWX0,FALSE
doi:10.7910/DVN/NDPXND,TRUE
doi:10.7910/DVN/NE0Y2I,TRUE
doi:10.7910/DVN/NEIYVD,TRUE
doi:10.7910/DVN/NFZLI3,TRUE
doi:10.7910/DVN/NGFLRO,TRUE
doi:10.7910/DVN/NGMCDS,FALSE
doi:10.7910/DVN/NGTWWJ,TRUE
doi:10.7910/DVN/NIGQBX,TRUE
doi:10.7910/DVN/NIMLAR,TRUE
doi:10.7910/DVN/NIWSMI,FALSE
doi:10.7910/DVN/NJIIPR,TRUE
doi:10.7910/DVN/NJIXYY,TRUE
doi:10.7910/DVN/NJRZXP,TRUE
doi:10.7910/DVN/NJWJ0D,FALSE
doi:10.7910/DVN/NK4SQT,TRUE
doi:10.7910/DVN/NKCDCO,TRUE
doi:10.7910/DVN/NKETXF,TRUE
doi:10.7910/DVN/NKJR7Z,FALSE
doi:10.7910/DVN/NKN0E8,FALSE
doi:10.7910/DVN/NM0XLV,TRUE
doi:10.7910/DVN/NMA2WY,FALSE
doi:10.7910/DVN/NMCOBF,TRUE
doi:10.7910/DVN/NMJ4W9,TRUE
doi:10.7910/DVN/NN0OXE,TRUE
doi:10.7910/DVN/NNAFVA,FALSE
doi:10.7910/DVN/NNBZP7,TRUE
doi:10.7910/DVN/NNNPOU,FALSE
doi:10.7910/DVN/NOMC0H,TRUE
doi:10.7910/DVN/NOMRHB,TRUE
doi:10.7910/DVN/NOWHWG,FALSE
doi:10.7910/DVN/NOYBCQ,TRUE
doi:10.7910/DVN/NRAQRH,TRUE
doi:10.7910/DVN/NRRVJ3,FALSE
doi:10.7910/DVN/NS3NMH,FALSE
doi:10.7910/DVN/NSC8TJ,FALSE
doi:10.7910/DVN/NT7H5O,TRUE
doi:10.7910/DVN/NUACCP,TRUE
doi:10.7910/DVN/NVMD6X,TRUE
doi:10.7910/DVN/NVVVUV,TRUE
doi:10.7910/DVN/NVXQ0G,TRUE
doi:10.7910/DVN/NWDZJB,TRUE
doi:10.7910/DVN/NX0QGA,TRUE
doi:10.7910/DVN/NXDEGT,TRUE
doi:10.7910/DVN/NY6NSO,TRUE
doi:10.7910/DVN/NYONTD,TRUE
doi:10.7910/DVN/NYOXTE,TRUE
doi:10.7910/DVN/NYPOQD,TRUE
doi:10.7910/DVN/O059HN,TRUE
doi:10.7910/DVN/O0JVDU,FALSE
doi:10.7910/DVN/O3A06T,TRUE
doi:10.7910/DVN/O3DTSF,TRUE
doi:10.7910/DVN/O4P8J1,FALSE
doi:10.7910/DVN/O6VHZZ,FALSE
doi:10.7910/DVN/O7DDIN,TRUE
doi:10.7910/DVN/OA8D7L,FALSE
doi:10.7910/DVN/OAGZZD,TRUE
doi:10.7910/DVN/OAOJQZ,FALSE
doi:10.7910/DVN/OAPCH9,TRUE
doi:10.7910/DVN/OASXGA,FALSE
doi:10.7910/DVN/OB00VG,TRUE
doi:10.7910/DVN/OCUJ2F,TRUE
doi:10.7910/DVN/OEHBYH,TRUE
doi:10.7910/DVN/OENR84,TRUE
doi:10.7910/DVN/OF1JOF,FALSE
doi:10.7910/DVN/OFCAAE,TRUE
doi:10.7910/DVN/OGVWDE,TRUE
doi:10.7910/DVN/OHHVPY,TRUE
doi:10.7910/DVN/OIJ5ZD,TRUE
doi:10.7910/DVN/OILORM,FALSE
doi:10.7910/DVN/OJA7YS,TRUE
doi:10.7910/DVN/OJCQ5O,TRUE
doi:10.7910/DVN/OJQJRM,FALSE
doi:10.7910/DVN/OJUCRU,TRUE
doi:10.7910/DVN/OKYC0B,TRUE
doi:10.7910/DVN/OKZMIY,TRUE
doi:10.7910/DVN/OL16K3,FALSE
doi:10.7910/DVN/OLTXFC,TRUE
doi:10.7910/DVN/OM2N3X,FALSE
doi:10.7910/DVN/OM6ZUR,TRUE
doi:10.7910/DVN/OMABN4,FALSE
doi:10.7910/DVN/OMESOW,FALSE
doi:10.7910/DVN/OMPDH0,TRUE
doi:10.7910/DVN/ON8RBD,TRUE
doi:10.7910/DVN/OO6RB0,TRUE
doi:10.7910/DVN/OO8ZCC,FALSE
doi:10.7910/DVN/OOIEAO,FALSE
doi:10.7910/DVN/OOLBO9,TRUE
doi:10.7910/DVN/OOLFGP,FALSE
doi:10.7910/DVN/ORRRTW,TRUE
doi:10.7910/DVN/OSJD7T,FALSE
doi:10.7910/DVN/OWVXUD,TRUE
doi:10.7910/DVN/OX5CZF,TRUE
doi:10.7910/DVN/OXGMLI,FALSE
doi:10.7910/DVN/OXSQMU,TRUE
doi:10.7910/DVN/OYIAYK,FALSE
doi:10.7910/DVN/P1PEGO,TRUE
doi:10.7910/DVN/P1TL97,TRUE
doi:10.7910/DVN/P2U84B,TRUE
doi:10.7910/DVN/P3RXDM,TRUE
doi:10.7910/DVN/P3XVFO,FALSE
doi:10.7910/DVN/P5TAFD,TRUE
doi:10.7910/DVN/P6N636,FALSE
doi:10.7910/DVN/P7NAJW,TRUE
doi:10.7910/DVN/PATI3W,TRUE
doi:10.7910/DVN/PB8X8P,TRUE
doi:10.7910/DVN/PBHNHR,TRUE
doi:10.7910/DVN/PBQRGQ,TRUE
doi:10.7910/DVN/PEHPBY,TRUE
doi:10.7910/DVN/PENDX4,TRUE
doi:10.7910/DVN/PGCVDP,TRUE
doi:10.7910/DVN/PGFOXW,TRUE
doi:10.7910/DVN/PGGBB4,TRUE
doi:10.7910/DVN/PGGT4N,TRUE
doi:10.7910/DVN/PGNYUJ,TRUE
doi:10.7910/DVN/PIBK5I,FALSE
doi:10.7910/DVN/PIMURE,FALSE
doi:10.7910/DVN/PKI60Z,FALSE
doi:10.7910/DVN/PL2XFD,TRUE
doi:10.7910/DVN/PLKWUL,TRUE
doi:10.7910/DVN/PLLBQJ,TRUE
doi:10.7910/DVN/PLZ9LJ,TRUE
doi:10.7910/DVN/PMYBBM,FALSE
doi:10.7910/DVN/PNYG29,FALSE
doi:10.7910/DVN/PNYLIY,FALSE
doi:10.7910/DVN/POMIFD,TRUE
doi:10.7910/DVN/PORBIU,FALSE
doi:10.7910/DVN/PPVWIG,TRUE
doi:10.7910/DVN/PRYYZ5,TRUE
doi:10.7910/DVN/PSSLAC,TRUE
doi:10.7910/DVN/PTHMQU,TRUE
doi:10.7910/DVN/PTIERC,FALSE
doi:10.7910/DVN/PTOYUX,TRUE
doi:10.7910/DVN/PUIJIU,FALSE
doi:10.7910/DVN/PUIROM,TRUE
doi:10.7910/DVN/PWRN9K,FALSE
doi:10.7910/DVN/PXIMVL,FALSE
doi:10.7910/DVN/PXXUCO,TRUE
doi:10.7910/DVN/PY0NKM,TRUE
doi:10.7910/DVN/PYKLCA,TRUE
doi:10.7910/DVN/PYWNTB,TRUE
doi:10.7910/DVN/PZAOO6,TRUE
doi:10.7910/DVN/PZHUFO,TRUE
doi:10.7910/DVN/PZZB1Z,FALSE
doi:10.7910/DVN/Q0CNZA,TRUE
doi:10.7910/DVN/Q0XAPV,TRUE
doi:10.7910/DVN/Q1WIDV,TRUE
doi:10.7910/DVN/Q4VN7A,TRUE
doi:10.7910/DVN/Q5M4UQ,FALSE
doi:10.7910/DVN/Q5PRNX,FALSE
doi:10.7910/DVN/Q5PV4U,TRUE
doi:10.7910/DVN/Q7EXX4,TRUE
doi:10.7910/DVN/Q7UV5W,FALSE
doi:10.7910/DVN/Q8CSU8,TRUE
doi:10.7910/DVN/Q8NRTS,FALSE
doi:10.7910/DVN/Q92PMT,FALSE
doi:10.7910/DVN/QAJQXP,TRUE
doi:10.7910/DVN/QB1TUJ,TRUE
doi:10.7910/DVN/QBHGRC,TRUE
doi:10.7910/DVN/QBKXT3,TRUE
doi:10.7910/DVN/QBNFFR,TRUE
doi:10.7910/DVN/QBTECH,TRUE
doi:10.7910/DVN/QC0RSU,FALSE
doi:10.7910/DVN/QDPQUD,FALSE
doi:10.7910/DVN/QDTLYV,FALSE
doi:10.7910/DVN/QEMNP1,FALSE
doi:10.7910/DVN/QEUF67,FALSE
doi:10.7910/DVN/QG7FMX,FALSE
doi:10.7910/DVN/QIA26P,FALSE
doi:10.7910/DVN/QIH3D7,FALSE
doi:10.7910/DVN/QINQ6H,TRUE
doi:10.7910/DVN/QIWQWL,TRUE
doi:10.7910/DVN/QJ9E9M,TRUE
doi:10.7910/DVN/QKJHCI,FALSE
doi:10.7910/DVN/QLTFXN,FALSE
doi:10.7910/DVN/QM15HX,FALSE
doi:10.7910/DVN/QNCRWS,TRUE
doi:10.7910/DVN/QNG2V0,FALSE
doi:10.7910/DVN/QNMUA1,FALSE
doi:10.7910/DVN/QO6EMT,FALSE
doi:10.7910/DVN/QOVWMM,TRUE
doi:10.7910/DVN/QOVXPR,FALSE
doi:10.7910/DVN/QQ2FV9,FALSE
doi:10.7910/DVN/QQ69RH,FALSE
doi:10.7910/DVN/QQBARG,TRUE
doi:10.7910/DVN/QQENMZ,FALSE
doi:10.7910/DVN/QQKR3F,TRUE
doi:10.7910/DVN/QR1EIR,TRUE
doi:10.7910/DVN/QR73H6,FALSE
doi:10.7910/DVN/QRAUDJ,FALSE
doi:10.7910/DVN/QSXDUN,TRUE
doi:10.7910/DVN/QTCNQD,FALSE
doi:10.7910/DVN/QTG6FQ,FALSE
doi:10.7910/DVN/QTJGR5,TRUE
doi:10.7910/DVN/QTMOVG,FALSE
doi:10.7910/DVN/QTOIQF,TRUE
doi:10.7910/DVN/QTUF6D,TRUE
doi:10.7910/DVN/QU3YES,FALSE
doi:10.7910/DVN/QUHIIE,TRUE
doi:10.7910/DVN/QUZ2BN,FALSE
doi:10.7910/DVN/QV7AJH,TRUE
doi:10.7910/DVN/QVLR1C,TRUE
doi:10.7910/DVN/QWLGGN,TRUE
doi:10.7910/DVN/QWSLYN,TRUE
doi:10.7910/DVN/QXJDJ5,TRUE
doi:10.7910/DVN/QYG8ZI,TRUE
doi:10.7910/DVN/QYZGEI,TRUE
doi:10.7910/DVN/QZNGVJ,TRUE
doi:10.7910/DVN/R0FXPH,TRUE
doi:10.7910/DVN/R163AN,TRUE
doi:10.7910/DVN/R1S5RP,FALSE
doi:10.7910/DVN/R27ULT,FALSE
doi:10.7910/DVN/R2NKL3,TRUE
doi:10.7910/DVN/R3GZZW,TRUE
doi:10.7910/DVN/R3XPEJ,TRUE
doi:10.7910/DVN/R4USRU,TRUE
doi:10.7910/DVN/R677HD,TRUE
doi:10.7910/DVN/R8TUOQ,TRUE
doi:10.7910/DVN/RAMHWP,TRUE
doi:10.7910/DVN/RCINPF,FALSE
doi:10.7910/DVN/RCT2YX,TRUE
doi:10.7910/DVN/RDIJQC,TRUE
doi:10.7910/DVN/RDU9JR,TRUE
doi:10.7910/DVN/REXZ8H,TRUE
doi:10.7910/DVN/RFECVH,TRUE
doi:10.7910/DVN/RFYOH6,TRUE
doi:10.7910/DVN/RHM7HX,TRUE
doi:10.7910/DVN/RHPSZD,FALSE
doi:10.7910/DVN/RIOEAY,TRUE
doi:10.7910/DVN/RIXENU,FALSE
doi:10.7910/DVN/RJ97IG,FALSE
doi:10.7910/DVN/RJAUNW,FALSE
doi:10.7910/DVN/RJKIUP,FALSE
doi:10.7910/DVN/RJL2DK,TRUE
doi:10.7910/DVN/RJY34I,TRUE
doi:10.7910/DVN/RK5GOH,TRUE
doi:10.7910/DVN/RK66RN,FALSE
doi:10.7910/DVN/RKMKXU,FALSE
doi:10.7910/DVN/RKNNVL,FALSE
doi:10.7910/DVN/RKQEJD,FALSE
doi:10.7910/DVN/RKUZT3,FALSE
doi:10.7910/DVN/RKV5ZI,TRUE
doi:10.7910/DVN/RL5N9Y,TRUE
doi:10.7910/DVN/RLLL1V,FALSE
doi:10.7910/DVN/RM7VAL,TRUE
doi:10.7910/DVN/RMFLKR,FALSE
doi:10.7910/DVN/RMHOHL,TRUE
doi:10.7910/DVN/RO1YK7,FALSE
doi:10.7910/DVN/ROFNV2,FALSE
doi:10.7910/DVN/ROLEY5,TRUE
doi:10.7910/DVN/ROUWNS,TRUE
doi:10.7910/DVN/RP8Z94,TRUE
doi:10.7910/DVN/RPD7KA,FALSE
doi:10.7910/DVN/RQE9SO,TRUE
doi:10.7910/DVN/RQNVFW,FALSE
doi:10.7910/DVN/RQZWE6,TRUE
doi:10.7910/DVN/RRBPUD,TRUE
doi:10.7910/DVN/RRV0JZ,FALSE
doi:10.7910/DVN/RSD5BV,FALSE
doi:10.7910/DVN/RSSRRV,TRUE
doi:10.7910/DVN/RTGDFW,TRUE
doi:10.7910/DVN/RTJ38N,FALSE
doi:10.7910/DVN/RUQ2KP,TRUE
doi:10.7910/DVN/RVV8SD,TRUE
doi:10.7910/DVN/RW10GZ,TRUE
doi:10.7910/DVN/RWPSHO,TRUE
doi:10.7910/DVN/RXA4JB,TRUE
doi:10.7910/DVN/RXOZEZ,TRUE
doi:10.7910/DVN/RXXQSQ,TRUE
doi:10.7910/DVN/RYKJKS,TRUE
doi:10.7910/DVN/RYNSDG,FALSE
doi:10.7910/DVN/RZVMJW,TRUE
doi:10.7910/DVN/S1EUAF,TRUE
doi:10.7910/DVN/S2Y1PA,TRUE
doi:10.7910/DVN/S3CGUV,TRUE
doi:10.7910/DVN/S3HACJ,TRUE
doi:10.7910/DVN/S3M5AX,FALSE
doi:10.7910/DVN/S5YMS7,TRUE
doi:10.7910/DVN/S61MIY,TRUE
doi:10.7910/DVN/S8LSKA,TRUE
doi:10.7910/DVN/S9MIJU,TRUE
doi:10.7910/DVN/SBOMZD,TRUE
doi:10.7910/DVN/SDSUQG,TRUE
doi:10.7910/DVN/SDUGCC,FALSE
doi:10.7910/DVN/SDXJUV,TRUE
doi:10.7910/DVN/SEHMGR,TRUE
doi:10.7910/DVN/SEOCQ0,TRUE
doi:10.7910/DVN/SEXLPX,FALSE
doi:10.7910/DVN/SFBX6Z,FALSE
doi:10.7910/DVN/SFTMNO,TRUE
doi:10.7910/DVN/SG55BJ,TRUE
doi:10.7910/DVN/SHYPDU,FALSE
doi:10.7910/DVN/SI0NQF,TRUE
doi:10.7910/DVN/SIHBRN,TRUE
doi:10.7910/DVN/SIUR6A,TRUE
doi:10.7910/DVN/SJ8ER9,FALSE
doi:10.7910/DVN/SJBWC3,TRUE
doi:10.7910/DVN/SJI4IA,TRUE
doi:10.7910/DVN/SJJ158,FALSE
doi:10.7910/DVN/SK8AGA,FALSE
doi:10.7910/DVN/SKKYFB,TRUE
doi:10.7910/DVN/SKPPLH,FALSE
doi:10.7910/DVN/SLNPAB,TRUE
doi:10.7910/DVN/SLWCLZ,TRUE
doi:10.7910/DVN/SLXRVJ,FALSE
doi:10.7910/DVN/SMLV5D,TRUE
doi:10.7910/DVN/SNG5BW,FALSE
doi:10.7910/DVN/SNQG8P,TRUE
doi:10.7910/DVN/SNW8PV,TRUE
doi:10.7910/DVN/SOQH9L,TRUE
doi:10.7910/DVN/SPXP04,FALSE
doi:10.7910/DVN/SQH6IF,TRUE
doi:10.7910/DVN/SQSTSC,TRUE
doi:10.7910/DVN/SQTQBA,FALSE
doi:10.7910/DVN/SR0NMB,TRUE
doi:10.7910/DVN/SRLERE,FALSE
doi:10.7910/DVN/SRPTCV,TRUE
doi:10.7910/DVN/SS0UEI,TRUE
doi:10.7910/DVN/SSEN5A,TRUE
doi:10.7910/DVN/SSVE5E,FALSE
doi:10.7910/DVN/STOQ1Q,TRUE
doi:10.7910/DVN/STXADQ,TRUE
doi:10.7910/DVN/SU3R6Y,TRUE
doi:10.7910/DVN/SUCNTD,TRUE
doi:10.7910/DVN/SUKHMB,TRUE
doi:10.7910/DVN/SUPM3R,TRUE
doi:10.7910/DVN/SUQC9N,TRUE
doi:10.7910/DVN/SURSEO,FALSE
doi:10.7910/DVN/SWHIKY,FALSE
doi:10.7910/DVN/SXFB9E,TRUE
doi:10.7910/DVN/SXG7BF,FALSE
doi:10.7910/DVN/SYFWXB,FALSE
doi:10.7910/DVN/SYSOPW,FALSE
doi:10.7910/DVN/SYYMJ0,TRUE
doi:10.7910/DVN/SZ3K77,TRUE
doi:10.7910/DVN/SZ9YXZ,FALSE
doi:10.7910/DVN/SZFCUJ,TRUE
doi:10.7910/DVN/SZK4NF,TRUE
doi:10.7910/DVN/T0R1GE,TRUE
doi:10.7910/DVN/T0UKCN,FALSE
doi:10.7910/DVN/T17S0X,FALSE
doi:10.7910/DVN/T1NXVQ,TRUE
doi:10.7910/DVN/T1TELH,TRUE
doi:10.7910/DVN/T1WGWG,TRUE
doi:10.7910/DVN/T21M2M,TRUE
doi:10.7910/DVN/T5DKRO,TRUE
doi:10.7910/DVN/T5LYWS,FALSE
doi:10.7910/DVN/T8OYHT,TRUE
doi:10.7910/DVN/T8VCOF,FALSE
doi:10.7910/DVN/T9AEBN,TRUE
doi:10.7910/DVN/T9WESH,TRUE
doi:10.7910/DVN/TA1T4V,FALSE
doi:10.7910/DVN/TBMFDA,TRUE
doi:10.7910/DVN/TE1YA6,TRUE
doi:10.7910/DVN/TE9U5S,FALSE
doi:10.7910/DVN/TEPAK4,FALSE
doi:10.7910/DVN/TEPRY2,FALSE
doi:10.7910/DVN/TEQYCH,FALSE
doi:10.7910/DVN/TFCBSD,FALSE
doi:10.7910/DVN/TFQ2UK,FALSE
doi:10.7910/DVN/TGJQUL,TRUE
doi:10.7910/DVN/THBT8N,TRUE
doi:10.7910/DVN/THU75A,TRUE
doi:10.7910/DVN/THYJ8J,FALSE
doi:10.7910/DVN/TIXGF8,TRUE
doi:10.7910/DVN/TJ1ZXX,TRUE
doi:10.7910/DVN/TJAISA,TRUE
doi:10.7910/DVN/TJK8QV,FALSE
doi:10.7910/DVN/TJKIWN,TRUE
doi:10.7910/DVN/TKLSNE,TRUE
doi:10.7910/DVN/TKU9WH,TRUE
doi:10.7910/DVN/TL0PZD,TRUE
doi:10.7910/DVN/TLBBUX,FALSE
doi:10.7910/DVN/TLT65Z,TRUE
doi:10.7910/DVN/TM8ZDB,TRUE
doi:10.7910/DVN/TMJWIA,TRUE
doi:10.7910/DVN/TMTCZD,TRUE
doi:10.7910/DVN/TNFDDX,TRUE
doi:10.7910/DVN/TNQ7EI,TRUE
doi:10.7910/DVN/TNWENH,TRUE
doi:10.7910/DVN/TNXRNM,FALSE
doi:10.7910/DVN/TOP7OV,TRUE
doi:10.7910/DVN/TPGPCR,FALSE
doi:10.7910/DVN/TPZPIO,FALSE
doi:10.7910/DVN/TQ9TK1,TRUE
doi:10.7910/DVN/TR4OUK,TRUE
doi:10.7910/DVN/TR9NAB,TRUE
doi:10.7910/DVN/TRIEF2,TRUE
doi:10.7910/DVN/TRLSJA,FALSE
doi:10.7910/DVN/TS4XRA,TRUE
doi:10.7910/DVN/TTE3SQ,TRUE
doi:10.7910/DVN/TTK06U,TRUE
doi:10.7910/DVN/TTPEOE,TRUE
doi:10.7910/DVN/TUSXIG,TRUE
doi:10.7910/DVN/TVI1AR,TRUE
doi:10.7910/DVN/TVZQG6,TRUE
doi:10.7910/DVN/TW5FHR,TRUE
doi:10.7910/DVN/TWDSBW,TRUE
doi:10.7910/DVN/TWVXKZ,TRUE
doi:10.7910/DVN/TXFTKV,FALSE
doi:10.7910/DVN/TYIVYZ,FALSE
doi:10.7910/DVN/TYJFQD,TRUE
doi:10.7910/DVN/TYNEDE,TRUE
doi:10.7910/DVN/TZ9PSJ,TRUE
doi:10.7910/DVN/TZVDUQ,TRUE
doi:10.7910/DVN/U07SDB,TRUE
doi:10.7910/DVN/U090WG,TRUE
doi:10.7910/DVN/U1CB0K,TRUE
doi:10.7910/DVN/U2591T,FALSE
doi:10.7910/DVN/U4ND12,TRUE
doi:10.7910/DVN/U56Z43,TRUE
doi:10.7910/DVN/U5IESG,FALSE
doi:10.7910/DVN/U6EC8N,TRUE
doi:10.7910/DVN/UA9G8U,FALSE
doi:10.7910/DVN/UAWGPU,TRUE
doi:10.7910/DVN/UBU601,TRUE
doi:10.7910/DVN/UCRHWN,TRUE
doi:10.7910/DVN/UDUJEI,TRUE
doi:10.7910/DVN/UDVEXN,TRUE
doi:10.7910/DVN/UE1JXM,TRUE
doi:10.7910/DVN/UEARI0,TRUE
doi:10.7910/DVN/UECUBY,FALSE
doi:10.7910/DVN/UEOK3H,TRUE
doi:10.7910/DVN/UEYVO1,TRUE
doi:10.7910/DVN/UFNXMK,FALSE
doi:10.7910/DVN/UFZTYU,TRUE
doi:10.7910/DVN/UGI0MH,TRUE
doi:10.7910/DVN/UHUK4P,FALSE
doi:10.7910/DVN/UI3NTB,FALSE
doi:10.7910/DVN/UIFXGX,TRUE
doi:10.7910/DVN/UJN9C3,TRUE
doi:10.7910/DVN/UJYEAD,TRUE
doi:10.7910/DVN/ULTUUC,TRUE
doi:10.7910/DVN/UM0ZOF,TRUE
doi:10.7910/DVN/UMFJRG,FALSE
doi:10.7910/DVN/UMIBSL,TRUE
doi:10.7910/DVN/UMP7YP,TRUE
doi:10.7910/DVN/UMSSKG,TRUE
doi:10.7910/DVN/UN3KML,FALSE
doi:10.7910/DVN/UNEBPY,FALSE
doi:10.7910/DVN/UNWIHE,TRUE
doi:10.7910/DVN/UOABFB,TRUE
doi:10.7910/DVN/UPHCUE,TRUE
doi:10.7910/DVN/UPSRNO,TRUE
doi:10.7910/DVN/UQAIZI,TRUE
doi:10.7910/DVN/UQDLUB,TRUE
doi:10.7910/DVN/UQPIKX,FALSE
doi:10.7910/DVN/UQVN70,FALSE
doi:10.7910/DVN/URHLUO,FALSE
doi:10.7910/DVN/USWU3O,FALSE
doi:10.7910/DVN/USYADS,TRUE
doi:10.7910/DVN/UTAP1V,FALSE
doi:10.7910/DVN/UTHBDT,FALSE
doi:10.7910/DVN/UTJGTF,TRUE
doi:10.7910/DVN/UTPOTW,TRUE
doi:10.7910/DVN/UTRXT7,TRUE
doi:10.7910/DVN/UUDOS0,FALSE
doi:10.7910/DVN/UV7ZPZ,TRUE
doi:10.7910/DVN/UVANPR,FALSE
doi:10.7910/DVN/UVFOWU,FALSE
doi:10.7910/DVN/UW9NBY,TRUE
doi:10.7910/DVN/UXB857,TRUE
doi:10.7910/DVN/UY2GRM,TRUE
doi:10.7910/DVN/UYWQ7U,FALSE
doi:10.7910/DVN/UYXRI8,TRUE
doi:10.7910/DVN/UZFWT7,TRUE
doi:10.7910/DVN/UZSKZJ,FALSE
doi:10.7910/DVN/V2HIVR,FALSE
doi:10.7910/DVN/V3DHAS,TRUE
doi:10.7910/DVN/V7SQRW,FALSE
doi:10.7910/DVN/V83FXD,TRUE
doi:10.7910/DVN/V8C2HB,TRUE
doi:10.7910/DVN/V8U06V,TRUE
doi:10.7910/DVN/V9QSWK,TRUE
doi:10.7910/DVN/VA00ZI,FALSE
doi:10.7910/DVN/VAY7ZQ,TRUE
doi:10.7910/DVN/VBNCF2,FALSE
doi:10.7910/DVN/VCE7KN,FALSE
doi:10.7910/DVN/VDF4JW,TRUE
doi:10.7910/DVN/VEFZXI,FALSE
doi:10.7910/DVN/VEPHLS,TRUE
doi:10.7910/DVN/VFBVRG,TRUE
doi:10.7910/DVN/VG3UFZ,TRUE
doi:10.7910/DVN/VGI93T,TRUE
doi:10.7910/DVN/VGLBPX,TRUE
doi:10.7910/DVN/VGWNP9,TRUE
doi:10.7910/DVN/VHNHHN,FALSE
doi:10.7910/DVN/VHNONI,FALSE
doi:10.7910/DVN/VHNPUO,TRUE
doi:10.7910/DVN/VIIPYQ,TRUE
doi:10.7910/DVN/VINNTX,TRUE
doi:10.7910/DVN/VIXZD1,TRUE
doi:10.7910/DVN/VJLVYU,FALSE
doi:10.7910/DVN/VJQIL1,FALSE
doi:10.7910/DVN/VJUOOV,TRUE
doi:10.7910/DVN/VKOMCK,TRUE
doi:10.7910/DVN/VLXRIK,TRUE
doi:10.7910/DVN/VMC1GO,FALSE
doi:10.7910/DVN/VNHM17,TRUE
doi:10.7910/DVN/VNTVO6,FALSE
doi:10.7910/DVN/VOF11U,TRUE
doi:10.7910/DVN/VOO3TD,TRUE
doi:10.7910/DVN/VPPEAW,TRUE
doi:10.7910/DVN/VR12G4,TRUE
doi:10.7910/DVN/VRH8ND,FALSE
doi:10.7910/DVN/VRMH3I,TRUE
doi:10.7910/DVN/VS3CG6,TRUE
doi:10.7910/DVN/VSQUJG,TRUE
doi:10.7910/DVN/VSVBTP,TRUE
doi:10.7910/DVN/VSXTFS,TRUE
doi:10.7910/DVN/VT4KJA,FALSE
doi:10.7910/DVN/VTUSLV,FALSE
doi:10.7910/DVN/VULKLW,FALSE
doi:10.7910/DVN/VVV3AN,TRUE
doi:10.7910/DVN/VW1GDD,TRUE
doi:10.7910/DVN/VWBP3L,FALSE
doi:10.7910/DVN/VWBTL5,FALSE
doi:10.7910/DVN/VWFKDG,TRUE
doi:10.7910/DVN/VWPPVQ,FALSE
doi:10.7910/DVN/VWWAHK,TRUE
doi:10.7910/DVN/VWZZLO,TRUE
doi:10.7910/DVN/VX5N1V,TRUE
doi:10.7910/DVN/VXQUBN,TRUE
doi:10.7910/DVN/VY4FMR,TRUE
doi:10.7910/DVN/VYVNFR,TRUE
doi:10.7910/DVN/VZURJ6,FALSE
doi:10.7910/DVN/VZZBHE,FALSE
doi:10.7910/DVN/W08NIR,TRUE
doi:10.7910/DVN/W0FWBT,FALSE
doi:10.7910/DVN/W1TDGZ,FALSE
doi:10.7910/DVN/W1YJZQ,TRUE
doi:10.7910/DVN/W2HZSO,TRUE
doi:10.7910/DVN/W2MFYX,FALSE
doi:10.7910/DVN/W5GQNZ,TRUE
doi:10.7910/DVN/W8HUKY,TRUE
doi:10.7910/DVN/W8PHXM,TRUE
doi:10.7910/DVN/WAEHOI,FALSE
doi:10.7910/DVN/WB0RNW,TRUE
doi:10.7910/DVN/WBBAE3,TRUE
doi:10.7910/DVN/WBWWUO,FALSE
doi:10.7910/DVN/WCH6ZH,TRUE
doi:10.7910/DVN/WCLV9B,TRUE
doi:10.7910/DVN/WCTOA8,FALSE
doi:10.7910/DVN/WDA163,FALSE
doi:10.7910/DVN/WDQB4C,FALSE
doi:10.7910/DVN/WDRHTS,TRUE
doi:10.7910/DVN/WFELNG,TRUE
doi:10.7910/DVN/WFVMKD,TRUE
doi:10.7910/DVN/WG8VCK,TRUE
doi:10.7910/DVN/WGPHFT,TRUE
doi:10.7910/DVN/WGT8QV,TRUE
doi:10.7910/DVN/WGWMAV,TRUE
doi:10.7910/DVN/WI7WN0,FALSE
doi:10.7910/DVN/WIJ0PS,FALSE
doi:10.7910/DVN/WJINZP,TRUE
doi:10.7910/DVN/WJWRWN,TRUE
doi:10.7910/DVN/WJXCT8,FALSE
doi:10.7910/DVN/WK0DA7,TRUE
doi:10.7910/DVN/WKIJST,TRUE
doi:10.7910/DVN/WKJJ3Z,TRUE
doi:10.7910/DVN/WM0XNF,TRUE
doi:10.7910/DVN/WMAPGB,TRUE
doi:10.7910/DVN/WMPXIW,TRUE
doi:10.7910/DVN/WNMLPA,TRUE
doi:10.7910/DVN/WOI8EU,TRUE
doi:10.7910/DVN/WPF4RC,FALSE
doi:10.7910/DVN/WPKTKJ,TRUE
doi:10.7910/DVN/WPVSMH,TRUE
doi:10.7910/DVN/WQ1R5X,TRUE
doi:10.7910/DVN/WQEQPN,TRUE
doi:10.7910/DVN/WR97GH,TRUE
doi:10.7910/DVN/WRCPOC,FALSE
doi:10.7910/DVN/WSJX0X,TRUE
doi:10.7910/DVN/WT2XZQ,TRUE
doi:10.7910/DVN/WTS3ML,TRUE
doi:10.7910/DVN/WTURMZ,FALSE
doi:10.7910/DVN/WUOAB7,FALSE
doi:10.7910/DVN/WVBZNE,TRUE
doi:10.7910/DVN/WVQ10L,TRUE
doi:10.7910/DVN/WW5HMR,FALSE
doi:10.7910/DVN/WX6ZPC,TRUE
doi:10.7910/DVN/WXTUIL,FALSE
doi:10.7910/DVN/WYA1S2,TRUE
doi:10.7910/DVN/WYUGQ9,TRUE
doi:10.7910/DVN/WZI945,TRUE
doi:10.7910/DVN/WZOC7H,FALSE
doi:10.7910/DVN/X0ZPH4,TRUE
doi:10.7910/DVN/X2VJJX,TRUE
doi:10.7910/DVN/X3LITS,FALSE
doi:10.7910/DVN/X4Y2FL,TRUE
doi:10.7910/DVN/X5ALUA,TRUE
doi:10.7910/DVN/X5RBRB,TRUE
doi:10.7910/DVN/X7AMNO,FALSE
doi:10.7910/DVN/X88LYH,TRUE
doi:10.7910/DVN/X8ZRVO,TRUE
doi:10.7910/DVN/X9STDF,TRUE
doi:10.7910/DVN/XA5DRD,TRUE
doi:10.7910/DVN/XAQMIA,TRUE
doi:10.7910/DVN/XASCZ1,FALSE
doi:10.7910/DVN/XAUF3H,FALSE
doi:10.7910/DVN/XAWZVS,FALSE
doi:10.7910/DVN/XB5Q2J,TRUE
doi:10.7910/DVN/XBBOHV,TRUE
doi:10.7910/DVN/XBNJD9,TRUE
doi:10.7910/DVN/XDUWWY,FALSE
doi:10.7910/DVN/XERHRF,TRUE
doi:10.7910/DVN/XF1157,TRUE
doi:10.7910/DVN/XF2YFQ,TRUE
doi:10.7910/DVN/XG6QQX,TRUE
doi:10.7910/DVN/XGBMW9,FALSE
doi:10.7910/DVN/XGXEN6,TRUE
doi:10.7910/DVN/XHBJLO,TRUE
doi:10.7910/DVN/XHNAFO,TRUE
doi:10.7910/DVN/XI7ENB,TRUE
doi:10.7910/DVN/XIIAVW,FALSE
doi:10.7910/DVN/XJQALC,FALSE
doi:10.7910/DVN/XKC4R4,TRUE
doi:10.7910/DVN/XKMNAO,TRUE
doi:10.7910/DVN/XL73P4,FALSE
doi:10.7910/DVN/XMHS0J,TRUE
doi:10.7910/DVN/XMKPSQ,TRUE
doi:10.7910/DVN/XMUSDC,TRUE
doi:10.7910/DVN/XN2TZL,TRUE
doi:10.7910/DVN/XNCQR8,FALSE
doi:10.7910/DVN/XNHHDO,TRUE
doi:10.7910/DVN/XNXZGB,FALSE
doi:10.7910/DVN/XOCNK1,TRUE
doi:10.7910/DVN/XOERIO,TRUE
doi:10.7910/DVN/XONPX2,FALSE
doi:10.7910/DVN/XPTMGF,TRUE
doi:10.7910/DVN/XQ9RJT,TRUE
doi:10.7910/DVN/XQBUVK,FALSE
doi:10.7910/DVN/XRJ43D,TRUE
doi:10.7910/DVN/XS1SDX,TRUE
doi:10.7910/DVN/XS4P50,TRUE
doi:10.7910/DVN/XSCFX5,TRUE
doi:10.7910/DVN/XSMCY5,TRUE
doi:10.7910/DVN/XTIHGR,TRUE
doi:10.7910/DVN/XTQJEN,TRUE
doi:10.7910/DVN/XTRWKG,TRUE
doi:10.7910/DVN/XTS8IE,FALSE
doi:10.7910/DVN/XTWZZX,TRUE
doi:10.7910/DVN/XU8ZWB,TRUE
doi:10.7910/DVN/XUQE7Z,FALSE
doi:10.7910/DVN/XWAREK,TRUE
doi:10.7910/DVN/XWBDPQ,TRUE
doi:10.7910/DVN/XYUWYJ,TRUE
doi:10.7910/DVN/XZ0IZE,FALSE
doi:10.7910/DVN/Y01YX7,FALSE
doi:10.7910/DVN/Y0B0RH,FALSE
doi:10.7910/DVN/Y0LFRY,TRUE
doi:10.7910/DVN/Y10EQV,TRUE
doi:10.7910/DVN/Y1EUAY,TRUE
doi:10.7910/DVN/Y3XHB6,TRUE
doi:10.7910/DVN/Y43XZR,FALSE
doi:10.7910/DVN/Y5RRV5,FALSE
doi:10.7910/DVN/Y6I5ZI,TRUE
doi:10.7910/DVN/Y6RYUY,TRUE
doi:10.7910/DVN/Y82RW8,TRUE
doi:10.7910/DVN/Y8KIUK,FALSE
doi:10.7910/DVN/YABNFF,TRUE
doi:10.7910/DVN/YAGHTA,TRUE
doi:10.7910/DVN/YBMKUX,FALSE
doi:10.7910/DVN/YCDJNT,TRUE
doi:10.7910/DVN/YCQCWJ,TRUE
doi:10.7910/DVN/YDBMNI,TRUE
doi:10.7910/DVN/YDLYLE,TRUE
doi:10.7910/DVN/YDSRWF,FALSE
doi:10.7910/DVN/YE8VC9,TRUE
doi:10.7910/DVN/YEEWVX,TRUE
doi:10.7910/DVN/YF761K,FALSE
doi:10.7910/DVN/YFPCBP,FALSE
doi:10.7910/DVN/YFPQJH,TRUE
doi:10.7910/DVN/YGTFBW,TRUE
doi:10.7910/DVN/YILXB4,TRUE
doi:10.7910/DVN/YJMGPP,FALSE
doi:10.7910/DVN/YJUIBI,FALSE
doi:10.7910/DVN/YLCN5E,TRUE
doi:10.7910/DVN/YLUNSN,TRUE
doi:10.7910/DVN/YMLR66,TRUE
doi:10.7910/DVN/YMMSIC,TRUE
doi:10.7910/DVN/YNOR7Q,TRUE
doi:10.7910/DVN/YO5J2S,TRUE
doi:10.7910/DVN/YOBUVS,TRUE
doi:10.7910/DVN/YQSBOA,TRUE
doi:10.7910/DVN/YQYZ6O,FALSE
doi:10.7910/DVN/YRJ6E3,TRUE
doi:10.7910/DVN/YSS19O,TRUE
doi:10.7910/DVN/YTRCQE,FALSE
doi:10.7910/DVN/YTXZ6X,FALSE
doi:10.7910/DVN/YU84D7,TRUE
doi:10.7910/DVN/YUFLFF,FALSE
doi:10.7910/DVN/YUM3K8,FALSE
doi:10.7910/DVN/YUNDMQ,FALSE
doi:10.7910/DVN/YWONK4,TRUE
doi:10.7910/DVN/YWZBUJ,TRUE
doi:10.7910/DVN/YYTXOB,TRUE
doi:10.7910/DVN/YZGMQJ,TRUE
doi:10.7910/DVN/YZHHPX,TRUE
doi:10.7910/DVN/YZQTAH,TRUE
doi:10.7910/DVN/Z0IGLS,TRUE
doi:10.7910/DVN/Z4GY1O,FALSE
doi:10.7910/DVN/Z5BTCQ,TRUE
doi:10.7910/DVN/Z7P7RL,FALSE
doi:10.7910/DVN/ZA6YEN,FALSE
doi:10.7910/DVN/ZABHCA,FALSE
doi:10.7910/DVN/ZAD5UE,FALSE
doi:10.7910/DVN/ZB9RB1,TRUE
doi:10.7910/DVN/ZBRTJH,FALSE
doi:10.7910/DVN/ZBVYXZ,FALSE
doi:10.7910/DVN/ZCEQPS,TRUE
doi:10.7910/DVN/ZEDEAD,TRUE
doi:10.7910/DVN/ZEKFG7,TRUE
doi:10.7910/DVN/ZFE3NE,FALSE
doi:10.7910/DVN/ZFLG25,TRUE
doi:10.7910/DVN/ZFOTRO,TRUE
doi:10.7910/DVN/ZFQMCP,FALSE
doi:10.7910/DVN/ZHOL6Y,TRUE
doi:10.7910/DVN/ZIYOQ3,FALSE
doi:10.7910/DVN/ZJTLSW,FALSE
doi:10.7910/DVN/ZK7QPH,TRUE
doi:10.7910/DVN/ZLAJP6,TRUE
doi:10.7910/DVN/ZLHYSZ,TRUE
doi:10.7910/DVN/ZLUQPL,FALSE
doi:10.7910/DVN/ZNRTYA,FALSE
doi:10.7910/DVN/ZQMYII,FALSE
doi:10.7910/DVN/ZRZGTT,TRUE
doi:10.7910/DVN/ZSB0BL,TRUE
doi:10.7910/DVN/ZSDJGT,FALSE
doi:10.7910/DVN/ZSEWM4,TRUE
doi:10.7910/DVN/ZSJA25,TRUE
doi:10.7910/DVN/ZSTE1X,TRUE
doi:10.7910/DVN/ZSYWHO,FALSE
doi:10.7910/DVN/ZTDHVE,TRUE
doi:10.7910/DVN/ZTTCOX,FALSE
doi:10.7910/DVN/ZTVXNL,FALSE
doi:10.7910/DVN/ZTWRSQ,FALSE
doi:10.7910/DVN/ZU4FMC,FALSE
doi:10.7910/DVN/ZUE1BI,FALSE
doi:10.7910/DVN/ZUH3UG,TRUE
doi:10.7910/DVN/ZUMTTN,TRUE
doi:10.7910/DVN/ZUY1KJ,FALSE
doi:10.7910/DVN/ZVC9W5,FALSE
doi:10.7910/DVN/ZWKCPA,TRUE
doi:10.7910/DVN/ZXZMJB,FALSE
doi:10.7910/DVN/ZYRC8S,TRUE
doi:10.7910/DVN/ZZYSIZ,FALSE
doi:10.7910/DVN1/22636,TRUE
